"id","descricao","valor_unitario","preco_custo","preco_venda","estoque_minimo","estoque_maximo","categoria_produto","codigo_barras_produto","codigo_interno","impressora","unidade","ativo","criado_por","complemento","produto_servico","created_at","updated_at"
"2","Refrigerante Coca-Cola 350ml BAR","3.50","2.00","5.00","5","50","10","7894900010015","001","1","FD","1","Admin",NULL,"produto","2024-10-11 02:50:29","2025-01-04 20:53:18"
"3","Pepsi 350ml","3.00","2.50","5.00","1","30","1","7894900010022","002",NULL,"KG","1","Admin",NULL,"produto","2024-10-11 02:50:29","2024-10-14 02:33:48"
"4","Água Mineral 500ml BAR","2.00","3.00","5.00","5","50","10","7894900010039","003","1","UN","1","Admin",NULL,"produto","2024-10-11 02:50:29","2025-01-04 20:51:22"
"6","Cerveja Heineken 350ml BAR","4.00","9.00","7.00","5","750","9","7894900010053","005","1","UN","1","Admin",NULL,"produto","2024-10-11 02:50:29","2025-01-04 20:43:38"
"32","Vassoura",NULL,"1.00","5.00","1","5","3",NULL,NULL,NULL,"UN","1","1",NULL,"produto","2024-10-14 02:34:28","2024-10-14 02:34:28"
"33","Batata Frita",NULL,"1.00","13.00","5","10","2",NULL,"33","0","UN","1","1",NULL,"produto","2024-10-16 02:28:24","2025-01-05 21:29:19"
"34","Saco de gelo",NULL,"12.00","12.00","0","500","6",NULL,"34","1","UN","1","1",NULL,"produto","2024-10-16 02:47:00","2025-01-05 22:06:27"
"35","Caipirinha",NULL,"1.00","7.00","1","10","7",NULL,"35",NULL,"TC","1","1",NULL,"produto","2024-10-16 03:02:20","2024-10-24 01:23:43"
"36","Limão",NULL,"1.00","1.00","5","50","2",NULL,NULL,NULL,"UN","1","1",NULL,"produto","2024-10-24 01:19:52","2024-10-24 01:52:13"
"37","Smirnoff",NULL,"3.00","12.00","2","10","1",NULL,NULL,NULL,"DS","1","1",NULL,"produto","2024-10-24 01:20:53","2024-10-24 01:58:46"
"38","GELADEIRA - ÁGUA MINERAL 500ml - RECEPÇÃO",NULL,"0.50","3.00","12","36","16",NULL,"010","2","UN","1","1",NULL,"produto","2024-12-12 19:13:09","2025-01-06 08:07:15"
"39","GELADEIRA - CERVEJA AMSTEL - RECEPÇÃO",NULL,"7.00","7.00","12","0","16",NULL,"11","2","UN","1","1",NULL,"produto","2024-12-12 19:18:45","2025-01-06 08:06:41"
"40","GELADEIRA - CERVEJA HEINEKEN - RECEPÇÃO",NULL,"5.00","9.00","12","0","16",NULL,"12","2","UN","1","1",NULL,"produto","2024-12-12 19:23:42","2025-01-06 08:06:19"
"41","GELADEIRA - REFRIGERANTE COCA-COLA 350ml - RECEPÇÃO",NULL,"6.00","6.00","12","0","16",NULL,"13","2","UN","1","1",NULL,"produto","2024-12-12 19:24:58","2025-01-06 08:07:52"
"42","Açúcar - Kg",NULL,"4.00","4.00","10","45","20",NULL,"42",NULL,"UN","1","1",NULL,"produto","2024-12-14 17:48:56","2024-12-14 18:06:22"
"43","Acúcar",NULL,"4.00","4.00","10","45","20",NULL,"43",NULL,"UN","1","1",NULL,"produto","2024-12-14 18:11:54","2024-12-14 18:54:04"
"44","Amido",NULL,"4.00","4.00","1","4","20",NULL,"44",NULL,"UN","1","1",NULL,"produto","2024-12-14 18:13:14","2024-12-14 18:54:18"
"45","Arroz",NULL,"6.00","6.00","3","15","20",NULL,"45",NULL,"UN","1","1",NULL,"produto","2024-12-14 18:14:25","2024-12-14 18:54:50"
"46","Arroz emoções",NULL,"7.00","7.00","3","15","20",NULL,"46",NULL,"UN","1","1",NULL,"produto","2024-12-14 18:15:19","2024-12-14 18:54:40"
"47","Aveia",NULL,"3.80","3.80","3","15","20",NULL,"47",NULL,"UN","1","1",NULL,"servico","2024-12-14 18:16:27","2024-12-14 18:55:19"
"48","Azeite",NULL,"21.00","21.00","0","1","20",NULL,"48",NULL,"UN","1","1",NULL,"produto","2024-12-14 18:19:22","2024-12-14 18:54:58"
"49","B. Creme Craque",NULL,"4.20","4.20","15","3","20",NULL,NULL,NULL,"UN","1","1",NULL,"produto","2024-12-14 18:20:14","2024-12-14 18:20:14"
"50","B. Creme Craque",NULL,"4.20","4.20","15","3","20",NULL,NULL,NULL,"UN","1","1",NULL,"produto","2024-12-14 18:20:14","2024-12-14 18:20:14"
"51","B. Maisena",NULL,"4.50","4.50","1","5","20",NULL,NULL,NULL,"UN","1","1",NULL,"produto","2024-12-14 18:20:54","2024-12-14 18:20:54"
"52","B. Wafer",NULL,"1.14","1.14","2","10","20",NULL,NULL,NULL,"UN","1","1",NULL,"produto","2024-12-14 18:21:43","2024-12-14 18:21:43"
"53","Café",NULL,"8.00","8.00","7","35","20",NULL,"53",NULL,"UN","1","1",NULL,"produto","2024-12-14 18:22:23","2024-12-14 18:55:32"
"54","Catchup",NULL,"6.00","6.00","1","5","20",NULL,"54",NULL,"UN","1","1",NULL,"produto","2024-12-14 18:22:57","2024-12-14 18:55:46"
"55","Chá",NULL,"4.50","4.50","1","3","20",NULL,"55",NULL,"UN","1","1",NULL,"produto","2024-12-14 18:23:33","2024-12-14 18:55:55"
"56","Conf- coco ralado",NULL,"1.50","1.50","0","1","20",NULL,"56",NULL,"UN","1","1",NULL,"produto","2024-12-14 18:24:23","2024-12-14 18:56:21"
"57","Conf- goiabada",NULL,"2.50","2.50","0","1","20",NULL,"57",NULL,"UN","1","1",NULL,"produto","2024-12-14 18:25:35","2024-12-14 18:56:11"
"58","Conf- paçoca",NULL,"1.00","1.00","3","15","20",NULL,"58",NULL,"UN","1","1",NULL,"produto","2024-12-14 18:26:09","2024-12-14 18:56:35"
"59","Ext. tomate-340g",NULL,"3.00","3.00","1","3","20",NULL,"59",NULL,"UN","1","1",NULL,"produto","2024-12-14 18:26:41","2024-12-14 18:56:44"
"60","F. mandioca",NULL,"4.70","4.70","2","10","20",NULL,"60",NULL,"UN","1","1",NULL,"produto","2024-12-14 18:27:14","2024-12-14 18:56:54"
"61","F. trigo c/ ferm",NULL,"5.35","5.35","3","15","20",NULL,"61",NULL,"UN","1","1",NULL,"produto","2024-12-14 18:27:50","2024-12-14 18:57:05"
"62","F. trigo s/ ferm",NULL,"5.00","5.00","3","15","20",NULL,"62",NULL,"UN","1","1",NULL,"produto","2024-12-14 18:28:33","2024-12-14 18:57:14"
"63","Feijão macassa",NULL,"8.00","8.00","2","10","20",NULL,"63",NULL,"UN","1","1",NULL,"produto","2024-12-14 18:29:18","2024-12-14 18:57:24"
"64","Feijão mulatino",NULL,"9.00","9.00","4","20","20",NULL,"64",NULL,"UN","1","1",NULL,"produto","2024-12-14 18:29:46","2024-12-14 18:57:36"
"65","Feijão preto",NULL,"10.00","10.00","2","10","20",NULL,"65",NULL,"UN","1","1",NULL,"produto","2024-12-14 18:30:15","2024-12-14 18:57:48"
"66","Flocão",NULL,"1.90","1.90","12","60","20",NULL,"66",NULL,"UN","1","1",NULL,"produto","2024-12-14 18:30:52","2024-12-14 18:57:57"
"67","Granola-250g",NULL,"11.00","11.00","1","1","20",NULL,"67",NULL,"UN","1","1",NULL,"produto","2024-12-14 18:31:40","2024-12-14 18:58:07"
"68","Leite em pó",NULL,"6.40","6.40","3","15","20",NULL,"68",NULL,"UN","1","1",NULL,"produto","2024-12-14 18:32:53","2024-12-14 18:58:57"
"69","M. alho - 1l",NULL,"6.00","6.00","0","0","20",NULL,"69",NULL,"UN","1","1",NULL,"produto","2024-12-14 18:33:29","2024-12-14 18:59:03"
"70","M. barbucue-500ml",NULL,"7.00","7.00","1","2","20",NULL,"70",NULL,"UN","1","1",NULL,"produto","2024-12-14 18:34:18","2024-12-14 18:59:14"
"71","M. ingles -1l",NULL,"10.00","10.00","1","2","20",NULL,"71",NULL,"UN","1","1",NULL,"produto","2024-12-14 18:35:02","2024-12-14 18:59:19"
"72","M. mostarda - 500ml",NULL,"10.00","10.00","1","2","20",NULL,"72",NULL,"UN","1","1",NULL,"produto","2024-12-14 18:35:38","2024-12-14 18:59:23"
"73","M. shoyo - 500ml",NULL,"5.00","5.00","1","2","20",NULL,"73",NULL,"UN","1","1",NULL,"produto","2024-12-14 18:36:11","2024-12-14 18:59:29"
"74","Macarrão - 500g",NULL,"2.90","2.90","15","75","20",NULL,"74",NULL,"UN","1","1",NULL,"produto","2024-12-14 18:37:32","2024-12-14 18:59:34"
"75","Maionese",NULL,"12.00","12.00","2","10","20",NULL,"75",NULL,"UN","1","1",NULL,"produto","2024-12-14 18:38:05","2024-12-14 18:59:40"
"76","Margarina - 1kg",NULL,"10.00","10.00","4","20","20",NULL,"76",NULL,"UN","1","1",NULL,"produto","2024-12-14 18:38:30","2024-12-14 18:59:44"
"77","Milho",NULL,"4.00","4.00","2","10","20",NULL,"77",NULL,"UN","1","1",NULL,"produto","2024-12-14 18:39:48","2024-12-14 18:59:50"
"78","Munguzá - 500g",NULL,"2.50","2.50","1","5","20",NULL,"78",NULL,"UN","1","1",NULL,"produto","2024-12-14 18:40:23","2024-12-14 18:59:54"
"79","Nescau - 400g",NULL,"7.00","7.00","1","5","20",NULL,"79",NULL,"UN","1","1",NULL,"produto","2024-12-14 18:41:03","2024-12-14 18:59:59"
"80","Oleo - garrafa",NULL,"11.00","11.00","1","5","20",NULL,"80",NULL,"UN","1","1",NULL,"produto","2024-12-14 18:41:33","2024-12-14 19:00:04"
"81","Queijo ralado",NULL,"6.00","6.00","3","15","20",NULL,"81",NULL,"UN","1","1",NULL,"produto","2024-12-14 18:41:58","2024-12-14 19:00:14"
"82","Refresco",NULL,"0.90","0.90","15","60","20",NULL,"82",NULL,"UN","1","1",NULL,"produto","2024-12-14 18:42:40","2024-12-14 19:00:33"
"83","Sachê-adoçante (100)",NULL,"4.00","4.00","1","3","20",NULL,"83",NULL,"UN","1","1",NULL,"produto","2024-12-14 18:44:10","2024-12-14 19:01:10"
"84","Sachê-açucar (100)",NULL,"6.00","6.00","4","20","20",NULL,"84",NULL,"UN","1","1",NULL,"produto","2024-12-14 18:44:46","2024-12-14 19:01:13"
"85","Sachê-geleia (12)",NULL,"13.00","13.00","1","5","20",NULL,"85",NULL,"UN","1","1",NULL,"produto","2024-12-14 18:45:27","2024-12-14 19:01:19"
"86","Sachê-mel (12)",NULL,"14.00","14.00","1","5","20",NULL,"86",NULL,"UN","1","1",NULL,"produto","2024-12-14 18:46:03","2024-12-14 19:01:22"
"87","Sachê-sal (100)",NULL,"1.60","1.60","1","20","20",NULL,"87",NULL,"UN","1","1",NULL,"produto","2024-12-14 18:46:32","2024-12-14 19:01:30"
"88","Sal- kg",NULL,"1.70","1.70","3","15","20",NULL,"88",NULL,"UN","1","1",NULL,"produto","2024-12-14 18:47:08","2024-12-14 19:01:33"
"89","Vinagre - 500ml",NULL,"1.70","1.70","2","10","20",NULL,"89",NULL,"UN","1","1",NULL,"produto","2024-12-14 18:47:38","2024-12-14 19:01:37"
"90","Vinho - 500ml",NULL,"5.00","5.00","1","1","20",NULL,"90",NULL,"UN","1","1",NULL,"produto","2024-12-14 18:48:22","2024-12-14 19:01:41"
"91","Achocolotadinho",NULL,"1.00","1.00","14","150","20",NULL,"91",NULL,"UN","1","1",NULL,"produto","2024-12-14 18:49:58","2024-12-14 19:01:45"
"92","Achocolatado",NULL,"4.90","4.90","150","6","20",NULL,"92",NULL,"UN","1","1",NULL,"produto","2024-12-14 18:50:22","2024-12-14 19:01:50"
"93","Creme de leite",NULL,"2.00","2.00","150","5","20",NULL,"93",NULL,"UN","1","1",NULL,"produto","2024-12-14 18:50:50","2024-12-14 19:01:53"
"94","Leite condensado",NULL,"5.80","5.80","150","5","20",NULL,"94",NULL,"UN","1","1",NULL,"produto","2024-12-14 18:51:19","2024-12-14 19:02:00"
"95","Leite de caixa",NULL,"5.20","5.20","10","150","20",NULL,"95",NULL,"UN","1","1",NULL,"produto","2024-12-14 18:52:05","2024-12-14 19:02:05"
"96","Refrigerante",NULL,"10.00","10.00","0","0","20",NULL,"96",NULL,"UN","1","1",NULL,"produto","2024-12-14 18:52:45","2024-12-14 19:02:11"
"97","Gordura vegetal",NULL,"220.00","220.00","1","3","20",NULL,"97",NULL,"UN","1","1",NULL,"produto","2024-12-14 18:53:13","2024-12-14 19:02:20"
"98","Passaro",NULL,"1.25","1.25","60","100","22",NULL,"98",NULL,"UN","1","1",NULL,"produto","2024-12-14 19:06:29","2024-12-14 19:18:24"
"100","Caprino",NULL,"1.56","1.56","60","100","22",NULL,NULL,NULL,"UN","1","1",NULL,"produto","2024-12-14 19:08:28","2024-12-14 19:17:49"
"101","Sal mineral",NULL,"1.05","1.05","1","1","22",NULL,NULL,NULL,"UN","1","1",NULL,"produto","2024-12-14 19:09:34","2024-12-14 19:09:34"
"102","Acido -5l",NULL,"37.50","37.50","2","10","25",NULL,"102",NULL,"UN","1","1",NULL,"produto","2024-12-14 19:20:19","2024-12-14 19:21:19"
"103","Algicida choque",NULL,"36.60","36.60","1","5","25",NULL,NULL,NULL,"UN","1","1",NULL,"produto","2024-12-14 19:21:08","2024-12-14 19:21:08"
"104","Algicida manutenção",NULL,"21.66","21.66","1","5","25",NULL,NULL,NULL,"UN","1","1",NULL,"produto","2024-12-14 19:21:57","2024-12-14 19:21:57"
"105","Cl. pó - Dicloro",NULL,"330.00","330.00","1","1","25",NULL,NULL,NULL,"UN","1","1",NULL,"produto","2024-12-14 19:23:08","2024-12-14 19:23:08"
"106","Cl. pó - Hipoclorito",NULL,"300.00","300.00","1","4","25",NULL,NULL,NULL,"UN","1","1",NULL,"produto","2024-12-14 19:24:38","2024-12-14 19:24:38"
"107","Clarificante - 1L",NULL,"16.50","16.50","2","10","25",NULL,NULL,NULL,"UN","1","1",NULL,"produto","2024-12-14 19:25:19","2024-12-14 19:25:19"
"108","Cloro pastilha (5)",NULL,"60.00","60.00","1","2","25",NULL,NULL,NULL,"UN","1","1",NULL,"produto","2024-12-14 19:25:53","2024-12-14 19:25:53"
"109","Elevador kg",NULL,"13.00","13.00","6","30","25",NULL,"109",NULL,"UN","1","1",NULL,"produto","2024-12-14 19:26:27","2024-12-14 19:26:34"
"110","Filtro",NULL,"50.00","50.00","0","0","25",NULL,NULL,NULL,"UN","1","1",NULL,"produto","2024-12-14 19:27:09","2024-12-14 19:27:09"
"111","Fita medição",NULL,"40.26","40.26","0","1","25",NULL,NULL,NULL,"UN","1","1",NULL,"produto","2024-12-14 19:27:45","2024-12-14 19:27:45"
"112","Limpa Borda",NULL,"20.00","20.00","0","1","25",NULL,NULL,NULL,"UN","1","1",NULL,"produto","2024-12-14 19:28:29","2024-12-14 19:28:29"
"113","Solução Cloro - A",NULL,"7.50","7.50","0","1","25",NULL,NULL,NULL,"UN","1","1",NULL,"produto","2024-12-14 19:29:06","2024-12-14 19:29:06"
"114","Solução indicador",NULL,"7.50","7.50","0","1","25",NULL,NULL,NULL,"UN","1","1",NULL,"produto","2024-12-14 19:29:44","2024-12-14 19:29:44"
"115","Solução PH-V",NULL,"7.50","7.50","0","1","25",NULL,NULL,NULL,"UN","1","1",NULL,"produto","2024-12-14 19:30:18","2024-12-14 19:30:18"
"116","Solução Titulante",NULL,"7.50","7.50","0","1","25",NULL,NULL,NULL,"UN","1","1",NULL,"produto","2024-12-14 19:30:49","2024-12-14 19:30:49"
"117","Canudo Drink - 100",NULL,"7.00","7.00","1","20","24",NULL,NULL,NULL,"UN","1","1",NULL,"produto","2024-12-14 19:32:42","2024-12-14 19:32:42"
"118","Canudo Suco - 100",NULL,"7.00","7.00","1","20","24",NULL,NULL,NULL,"UN","1","1",NULL,"produto","2024-12-14 19:33:17","2024-12-14 19:33:17"
"119","Copo Acr drink 300ml",NULL,"8.00","8.00","2","15","24",NULL,NULL,NULL,"UN","1","1",NULL,"produto","2024-12-14 19:33:50","2024-12-14 19:33:50"
"120","Copo Acr whisky 300ml",NULL,"6.00","6.00","2","15","24",NULL,NULL,NULL,"UN","1","1",NULL,"produto","2024-12-14 19:34:27","2024-12-14 19:34:27"
"121","Copo Desc. 050ml",NULL,"2.50","2.50","1","25","24",NULL,NULL,NULL,"UN","1","1",NULL,"produto","2024-12-14 19:35:40","2024-12-14 19:35:40"
"122","Copo Desc. 080ml",NULL,"2.50","2.50","1","25","24",NULL,NULL,NULL,"UN","1","1",NULL,"produto","2024-12-14 19:36:16","2024-12-14 19:36:16"
"123","Copo Desc. 150ml",NULL,"5.00","5.00","10","50","24",NULL,NULL,NULL,"UN","1","1",NULL,"produto","2024-12-14 19:37:41","2024-12-14 19:37:41"
"124","Copo Desc. 180ml",NULL,"5.00","5.00","1","25","24",NULL,NULL,NULL,"UN","1","1",NULL,"produto","2024-12-14 19:38:37","2024-12-14 19:38:37"
"125","Copo Desc. 400ml",NULL,"7.00","7.00","20","1","24",NULL,NULL,NULL,"UN","1","1",NULL,"produto","2024-12-14 19:39:14","2024-12-14 19:39:14"
"126","Guardanapo",NULL,"0.80","0.80","10","100","24",NULL,NULL,NULL,"UN","1","1",NULL,"produto","2024-12-14 19:39:42","2024-12-14 19:39:42"
"127","Mexedor (100)",NULL,"9.00","9.00","20","1","24",NULL,NULL,NULL,"UN","1","1",NULL,"produto","2024-12-14 19:40:13","2024-12-14 19:40:13"
"128","Palito-caixa(200)",NULL,"1.50","1.50","10","20","24",NULL,NULL,NULL,"UN","1","1",NULL,"produto","2024-12-14 19:40:51","2024-12-14 19:40:51"
"129","Palito-emb(100)",NULL,"1.40","1.40","2","20","24",NULL,NULL,NULL,"UN","1","1",NULL,"produto","2024-12-14 19:41:29","2024-12-14 19:41:29"
"130","Prato PF12",NULL,"2.00","2.00","5","100","24",NULL,NULL,NULL,"UN","1","1",NULL,"produto","2024-12-14 19:41:58","2024-12-14 19:41:58"
"131","Prato PF15",NULL,"2.00","2.00","10","100","24",NULL,NULL,NULL,"UN","1","1",NULL,"produto","2024-12-14 19:42:59","2024-12-14 19:42:59"
"132","Prato PR12",NULL,"2.00","2.00","5","100","24",NULL,NULL,NULL,"UN","1","1",NULL,"produto","2024-12-14 19:43:27","2024-12-14 19:43:27"
"133","Prato PR21",NULL,"4.00","4.00","12","100","24",NULL,NULL,NULL,"UN","1","1",NULL,"produto","2024-12-14 19:44:17","2024-12-14 19:44:17"
"134","Ref. colher",NULL,"7.50","7.50","1","20","24",NULL,NULL,NULL,"UN","1","1",NULL,"produto","2024-12-14 19:44:54","2024-12-14 19:44:54"
"135","Ref. faca",NULL,"7.50","7.50","3","20","24",NULL,NULL,NULL,"UN","1","1",NULL,"produto","2024-12-14 19:45:18","2024-12-14 19:45:18"
"136","Ref. garfo",NULL,"7.50","7.50","3","20","24",NULL,NULL,NULL,"UN","1","1",NULL,"produto","2024-12-14 19:45:44","2024-12-14 19:45:44"
"137","Rolo filme",NULL,"140.00","140.00","1","2","24",NULL,NULL,NULL,"UN","1","1",NULL,"produto","2024-12-14 19:46:18","2024-12-14 19:46:18"
"138","Rolo Saco G (40x60)",NULL,"40.00","40.00","1","2","24",NULL,NULL,NULL,"UN","1","1",NULL,"produto","2024-12-14 19:46:57","2024-12-14 19:46:57"
"139","Rolo Saco M (25x35)",NULL,"32.00","32.00","1","2","24",NULL,NULL,NULL,"UN","1","1",NULL,"produto","2024-12-14 19:48:37","2024-12-14 19:48:37"
"140","Rolo Saco P (20x30)",NULL,"30.00","30.00","2","6","24",NULL,NULL,NULL,"UN","1","1",NULL,"produto","2024-12-14 19:49:12","2024-12-14 19:49:12"
"141","Saco talher",NULL,"2.00","2.00","2","10","24",NULL,NULL,NULL,"UN","1","1",NULL,"produto","2024-12-14 19:49:38","2024-12-14 19:49:38"
"142","Sobremesa colher",NULL,"2.00","2.15","2","10","24",NULL,NULL,NULL,"UN","1","1",NULL,"produto","2024-12-14 19:50:16","2024-12-14 19:50:16"
"143","Sobremesa garfo",NULL,"2.40","2.40","1","2","24",NULL,NULL,NULL,"UN","1","1",NULL,"produto","2024-12-14 19:50:43","2024-12-14 19:50:43"
"144","Tolca (10unid.)",NULL,"3.00","3.00","10","100","24",NULL,NULL,NULL,"UN","1","1",NULL,"produto","2024-12-14 19:51:17","2024-12-14 19:51:17"
"145","AUTOMOTIVO (BRANCO) 1/4",NULL,"26.84","26.84","0","1","29",NULL,NULL,NULL,"UN","1","1",NULL,"produto","2024-12-14 19:52:17","2024-12-14 19:52:17"
"146","COLA 1/4",NULL,"35.00","35.00","1","6","29",NULL,NULL,NULL,"UN","1","1",NULL,"produto","2024-12-14 19:52:43","2024-12-14 19:52:43"
"147","DIALINE (BRANCO FOSCO) GALÃO",NULL,"99.75","99.75","1","4","29",NULL,NULL,NULL,"UN","1","1",NULL,"produto","2024-12-14 19:53:26","2024-12-14 19:53:26"
"148","DIALINE ANTFERRUGEM (BRANCO FOSCO) GALÃO",NULL,"110.25","110.25","1","4","29",NULL,NULL,NULL,"UN","1","1",NULL,"produto","2024-12-14 19:54:20","2024-12-14 19:54:20"
"149","DIALINE ANTFERRUGEM (MARROM TABACO) GALÃO",NULL,"11025.00","110.25","3","8","29",NULL,NULL,NULL,"UN","1","1",NULL,"produto","2024-12-14 19:54:59","2024-12-14 19:54:59"
"150","ESMALTE (AM TRATOR 1/4)",NULL,"29.67","29.67","3","3","29",NULL,NULL,NULL,"UN","1","1",NULL,"produto","2024-12-14 19:55:46","2024-12-14 19:55:46"
"151","ESMALTE (AMARELA) 1/4",NULL,"26.84","26.84","1","6","29",NULL,NULL,NULL,"UN","1","1",NULL,"produto","2024-12-14 19:56:34","2024-12-14 19:56:34"
"152","ESMALTE (AZUL FRANÇA) 1/4",NULL,"26.84","26.84","1","6","29",NULL,NULL,NULL,"UN","1","1",NULL,"produto","2024-12-14 19:57:31","2024-12-14 19:57:31"
"153","ESMALTE (AZUL MAR) 1/4",NULL,"29.67","29.67","3","3","29",NULL,NULL,NULL,"UN","1","1",NULL,"produto","2024-12-14 19:58:01","2024-12-14 19:58:01"
"154","ESMALTE (LARANJA) 1/4",NULL,"26.84","26.84","1","6","29",NULL,NULL,NULL,"UN","1","1",NULL,"produto","2024-12-14 19:58:33","2024-12-14 19:58:33"
"155","ESMALTE (PRETO FOSCO) 1/4",NULL,"29.20","29.20","1","6","29",NULL,NULL,NULL,"UN","1","1",NULL,"produto","2024-12-14 19:59:02","2024-12-14 19:59:02"
"156","ESMALTE (VERDE FOLHA 750ML)",NULL,"24.46","24.46","3","3","29",NULL,NULL,NULL,"UN","1","1",NULL,"produto","2024-12-14 19:59:44","2024-12-14 19:59:44"
"157","ESMALTE (VERDE LIMÃO) 1/4",NULL,"26.84","26.84","1","6","29",NULL,NULL,NULL,"UN","1","1",NULL,"produto","2024-12-14 20:00:19","2024-12-14 20:00:19"
"158","ESMALTE (VERMELHO) 1/4",NULL,"26.84","26.84","1","6","29",NULL,NULL,NULL,"UN","1","1",NULL,"produto","2024-12-14 20:00:44","2024-12-14 20:00:44"
"159","EUROFER (CINZA) GALÃO",NULL,"89.25","89.25","0","1","29",NULL,NULL,NULL,"UN","1","1",NULL,"produto","2024-12-14 20:01:31","2024-12-14 20:01:31"
"160","FUNDO PREPARADOR",NULL,"186.27","186.27","0","1","29",NULL,NULL,NULL,"UN","1","1",NULL,"produto","2024-12-14 20:01:54","2024-12-14 20:01:54"
"161","MASSA ACRÍLICA LATÃO",NULL,"76.78","76.78","1","2","29",NULL,NULL,NULL,"UN","1","1",NULL,"produto","2024-12-14 20:02:28","2024-12-14 20:02:28"
"162","MASSA CORRIDA LATÃO",NULL,"39.92","39.92","1","2","29",NULL,NULL,NULL,"UN","1","1",NULL,"produto","2024-12-14 20:03:04","2024-12-14 20:03:04"
"163","SELA E PINTA (TAPACURÁ) LATÃO",NULL,"198.45","198.45","0","1","29",NULL,NULL,NULL,"UN","1","1",NULL,"produto","2024-12-14 20:03:47","2024-12-14 20:03:47"
"164","SELA E PINTA (CAMURÇA) LATÃO",NULL,"198.45","198.45","0","1","29",NULL,NULL,NULL,"UN","1","1",NULL,"produto","2024-12-14 20:04:16","2024-12-14 20:04:16"
"165","SELADOR LATÃO",NULL,"67.92","67.92","0","1","29",NULL,NULL,NULL,"UN","1","1",NULL,"produto","2024-12-14 20:04:41","2024-12-14 20:04:41"
"166","THINNER LATÃO",NULL,"232.50","232.50","1","2","29",NULL,NULL,NULL,"UN","1","1",NULL,"produto","2024-12-14 20:05:06","2024-12-14 20:05:06"
"167","TINTA INTERNA (BRANCA) LATÃO",NULL,"81.84","81.84","1","4","29",NULL,NULL,NULL,"UN","1","1",NULL,"produto","2024-12-14 20:06:23","2024-12-14 20:06:23"
"168","VERNIZ (INCOLOR) GALÃO",NULL,"89.25","89.25","0","1","29",NULL,NULL,NULL,"UN","1","1",NULL,"produto","2024-12-14 20:07:44","2024-12-14 20:07:44"
"169","Abridor de vinho",NULL,"13.00","13.00","0","1","33",NULL,NULL,NULL,"UN","1","1",NULL,"produto","2024-12-15 16:40:28","2024-12-15 16:40:28"
"170","Bobina impressora",NULL,"4.00","4.00","10","20","33",NULL,NULL,NULL,"UN","1","1",NULL,"produto","2024-12-15 16:41:17","2024-12-15 16:41:17"
"171","Cadeado 25cm",NULL,"80.00","80.00","0","1","33",NULL,NULL,NULL,"UN","1","1",NULL,"produto","2024-12-15 16:42:13","2024-12-15 16:42:13"
"172","Cadeado 30cm",NULL,"10.00","10.00","0","1","33",NULL,NULL,NULL,"UN","1","1",NULL,"produto","2024-12-15 16:44:58","2024-12-15 16:44:58"
"173","Caneta Bic",NULL,"1.50","1.50","1","4","33",NULL,NULL,NULL,"UN","1","1",NULL,"produto","2024-12-15 16:45:41","2024-12-15 16:45:41"
"174","Cartão Fidel-50",NULL,"12.00","12.00","2","10","33",NULL,NULL,NULL,"UN","1","1",NULL,"produto","2024-12-15 16:46:28","2024-12-15 16:46:28"
"175","Controle Ar",NULL,"25.00","25.00","1","2","33",NULL,NULL,NULL,"UN","1","1",NULL,"produto","2024-12-15 16:47:11","2024-12-15 16:47:11"
"176","Controle TV",NULL,"15.00","15.00","1","2","33",NULL,NULL,NULL,"UN","1","1",NULL,"produto","2024-12-15 16:47:49","2024-12-15 16:47:49"
"177","Etiqueta (1000)",NULL,"45.00","45.00","0","10","33",NULL,NULL,NULL,"UN","1","1",NULL,"produto","2024-12-15 16:48:22","2024-12-15 16:48:22"
"178","Fita Durex fino",NULL,"2.00","2.00","1","2","33",NULL,NULL,NULL,"UN","1","1",NULL,"produto","2024-12-15 16:48:59","2024-12-15 16:48:59"
"179","Fita Durex gross",NULL,"5.00","5.00","1","2","33",NULL,NULL,NULL,"UN","1","1",NULL,"produto","2024-12-15 16:50:00","2024-12-15 16:50:00"
"180","Fita colorida",NULL,"2.00","2.00","0","1","33",NULL,NULL,NULL,"UN","1","1",NULL,"produto","2024-12-15 16:50:30","2024-12-15 16:50:30"
"181","Grampeador",NULL,"15.00","15.00","0","1","33",NULL,NULL,NULL,"UN","1","1",NULL,"produto","2024-12-15 16:51:06","2024-12-15 16:51:06"
"182","Grampo",NULL,"5.00","5.00","1","5","33",NULL,NULL,NULL,"UN","1","1",NULL,"produto","2024-12-15 16:52:05","2024-12-15 16:52:05"
"183","Guarda-chuva",NULL,"30.00","30.00","0","1","33",NULL,NULL,NULL,"UN","1","1",NULL,"produto","2024-12-15 16:52:43","2024-12-15 16:52:43"
"184","Isqueiro",NULL,"4.00","4.00","2","12","33",NULL,NULL,NULL,"UN","1","1",NULL,"produto","2024-12-15 16:53:13","2024-12-15 16:53:13"
"185","Lacre",NULL,"15.80","15.80","2","10","33",NULL,NULL,NULL,"UN","1","1",NULL,"produto","2024-12-15 16:53:58","2024-12-15 16:53:58"
"186","Mouse",NULL,"20.00","20.00","0","1","33",NULL,NULL,NULL,"UN","1","1",NULL,"produto","2024-12-15 16:54:33","2024-12-15 16:54:33"
"187","Papel A4",NULL,"26.00","26.00","4","10","33",NULL,NULL,NULL,"UN","1","1",NULL,"produto","2024-12-15 16:55:07","2024-12-15 16:55:07"
"188","Pulseira",NULL,"106.39","106.39","1","10","33",NULL,NULL,NULL,"UN","1","1",NULL,"produto","2024-12-15 16:55:43","2024-12-15 16:55:43"
"189","Borrifador",NULL,"8.00","8.00","0","1","34",NULL,NULL,NULL,"UN","1","1",NULL,"produto","2024-12-15 17:02:03","2024-12-15 17:02:03"
"190","Espanador",NULL,"10.00","10.00","0","1","34",NULL,NULL,NULL,"UN","1","1",NULL,"produto","2024-12-15 17:02:43","2024-12-15 17:02:43"
"191","Lixeira",NULL,"10.00","10.00","0","1","34",NULL,NULL,NULL,"UN","1","1",NULL,"produto","2024-12-15 17:03:32","2024-12-15 17:03:32"
"192","Porta Higiênico",NULL,"35.00","35.00","0","1","34",NULL,NULL,NULL,"UN","1","1",NULL,"produto","2024-12-15 17:06:50","2024-12-15 17:06:50"
"193","Porta Sabonete",NULL,"35.00","35.00","0","1","34",NULL,NULL,NULL,"UN","1","1",NULL,"produto","2024-12-15 17:07:24","2024-12-15 17:07:24"
"194","Porta Toalha",NULL,"35.00","35.00","0","1","34",NULL,NULL,NULL,"UN","1","1",NULL,"produto","2024-12-15 17:07:57","2024-12-15 17:07:57"
"195","Res. sabonete",NULL,"10.00","10.00","0","1","34",NULL,NULL,NULL,"UN","1","1",NULL,"produto","2024-12-15 17:08:44","2024-12-15 17:08:44"
"196","Abridor de Coco",NULL,"15.00","15.00","0","1","35",NULL,"196",NULL,"UN","1","1",NULL,"produto","2024-12-15 17:13:42","2024-12-15 17:20:39"
"197","Borr Panela 7lt",NULL,"5.00","5.00","0","0","35",NULL,"197",NULL,"UN","1","1",NULL,"produto","2024-12-15 17:14:44","2024-12-15 17:21:45"
"198","Coador",NULL,"5.00","5.00","1","2","35",NULL,"198",NULL,"UN","1","1",NULL,"produto","2024-12-15 17:15:13","2024-12-15 17:21:35"
"199","Coqueteleira",NULL,"105.00","105.00","0","1","35",NULL,"199",NULL,"UN","1","1",NULL,"produto","2024-12-15 17:15:57","2024-12-15 17:21:22"
"200","Elet. Liquidificação",NULL,"150.00","150.00","0","1","35",NULL,"200",NULL,"UN","1","1",NULL,"produto","2024-12-15 17:16:40","2024-12-15 17:21:14"
"201","Elet. Sanduicheira",NULL,"80.00","80.00","0","1","35",NULL,"201",NULL,"UN","1","1",NULL,"produto","2024-12-15 17:18:00","2024-12-15 17:21:05"
"202","Faca",NULL,"2.00","2.00","0","1","35",NULL,"202",NULL,"UN","1","1",NULL,"produto","2024-12-15 17:18:27","2024-12-15 17:20:56"
"203","Frigideira",NULL,"15.00","15.00","0","1","35",NULL,"203",NULL,"UN","1","1",NULL,"produto","2024-12-15 17:18:54","2024-12-15 17:20:47"
"204","Garrafa Café",NULL,"60.00","60.00","0","1","35",NULL,NULL,NULL,"UN","1","1",NULL,"produto","2024-12-15 17:25:02","2024-12-15 17:25:02"
"205","Garrafa Leite",NULL,"60.00","60.00","0","1","35",NULL,NULL,NULL,"UN","1","1",NULL,"produto","2024-12-15 17:25:46","2024-12-15 17:25:46"
"206","Jarra",NULL,"20.00","20.00","1","2","35",NULL,NULL,NULL,"UN","1","1",NULL,"produto","2024-12-15 17:26:20","2024-12-15 17:26:20"
"207","Jarrinha",NULL,"15.00","15.00","1","2","35",NULL,NULL,NULL,"UN","1","1",NULL,"produto","2024-12-15 17:27:33","2024-12-15 17:27:33"
"208","Pano de Prato",NULL,"2.00","2.00","6","12","35",NULL,NULL,NULL,"UN","1","1",NULL,"produto","2024-12-15 17:28:29","2024-12-15 17:28:29"
"209","Peneira",NULL,"10.00","10.00","0","1","35",NULL,NULL,NULL,"UN","1","1",NULL,"produto","2024-12-15 17:28:52","2024-12-15 17:28:52"
"210","Porta Guardanapo",NULL,"15.00","15.00","2","5","35",NULL,NULL,NULL,"UN","1","1",NULL,"produto","2024-12-15 17:29:34","2024-12-15 17:29:34"
"211","Pote de papa",NULL,"5.00","5.00","5","20","35",NULL,NULL,NULL,"UN","1","1",NULL,"produto","2024-12-15 17:30:22","2024-12-15 17:30:22"
"212","Prato Funcionário",NULL,"10.00","10.00","0","10","35",NULL,NULL,NULL,"UN","1","1",NULL,"produto","2024-12-15 17:30:56","2024-12-15 17:30:56"
"213","Ralo Inox",NULL,"10.00","10.00","0","10","35",NULL,NULL,NULL,"UN","1","1",NULL,"produto","2024-12-15 17:31:56","2024-12-15 17:31:56"
"214","Suporte Refrigerante",NULL,"1.00","1.00","0","1","35",NULL,NULL,NULL,"UN","1","1",NULL,"produto","2024-12-15 17:33:28","2024-12-15 17:33:28"
"215","Talher Garfo",NULL,"6.00","6.00","6","12","35",NULL,NULL,NULL,"UN","1","1",NULL,"produto","2024-12-15 17:34:00","2024-12-15 17:34:00"
"216","Taça",NULL,"5.00","5.00","32","120","35",NULL,NULL,NULL,"UN","1","1",NULL,"produto","2024-12-15 17:34:30","2024-12-15 17:34:30"
"217","Travessa Conj",NULL,"20.00","20.00","0","1","35",NULL,NULL,NULL,"UN","1","1",NULL,"produto","2024-12-15 17:35:14","2024-12-15 17:35:14"
"218","Travessa Tampa",NULL,"35.00","35.00","1","2","35",NULL,NULL,NULL,"UN","1","1",NULL,"produto","2024-12-15 17:36:03","2024-12-15 17:36:03"
"219","Utensilio escova cozinha",NULL,"5.00","5.00","0","1","35",NULL,NULL,NULL,"UN","1","1",NULL,"produto","2024-12-15 17:36:45","2024-12-15 17:36:45"
"220","Utensilio escova lavanderia",NULL,"5.00","5.00","0","1","35",NULL,NULL,NULL,"UN","1","1",NULL,"produto","2024-12-15 17:37:20","2024-12-15 17:37:20"
"221","Xicara Café",NULL,"14.00","14.00","6","12","35",NULL,NULL,NULL,"UN","1","1",NULL,"produto","2024-12-15 17:38:00","2024-12-15 17:38:00"
"222","Alcool Acendedor LT",NULL,"55.00","11.00","1","1","26",NULL,NULL,NULL,"UN","1","1",NULL,"produto","2024-12-15 17:48:29","2024-12-15 17:48:29"
"223","Alcool Gel 500g",NULL,"13.90","13.90","0","1","26",NULL,NULL,NULL,"UN","1","1",NULL,"produto","2024-12-15 17:49:07","2024-12-15 17:49:07"
"224","Alcool líquido 70°-lt",NULL,"5.40","5.40","5","24","26",NULL,NULL,NULL,"UN","1","1",NULL,"produto","2024-12-15 17:49:33","2024-12-15 17:49:33"
"225","Amaciante 3l",NULL,"60.00","60.00","1","2","26",NULL,NULL,NULL,"UN","1","1",NULL,"produto","2024-12-15 17:50:05","2024-12-15 17:50:05"
"226","Aromatizante Bom ar",NULL,"8.00","8.00","1","2","26",NULL,NULL,NULL,"UN","1","1",NULL,"produto","2024-12-15 17:50:32","2024-12-15 17:50:32"
"227","Aromatizante Coala",NULL,"8.00","8.00","1","2","26",NULL,NULL,NULL,"UN","1","1",NULL,"produto","2024-12-15 17:50:54","2024-12-15 17:50:54"
"228","Desinfetante - 2L",NULL,"5.50","5.50","12","20","26",NULL,NULL,NULL,"UN","1","1",NULL,"produto","2024-12-15 17:51:19","2024-12-15 17:51:19"
"229","Detergente - 500ml",NULL,"1.50","1.50","12","24","26",NULL,NULL,NULL,"UN","1","1",NULL,"produto","2024-12-15 17:51:53","2024-12-15 17:51:53"
"230","Esponja de aço",NULL,"5.50","5.50","2","5","26",NULL,NULL,NULL,"UN","1","1",NULL,"produto","2024-12-15 17:52:20","2024-12-15 17:52:20"
"231","Esponja dupla face",NULL,"0.50","0.50","8","100","26",NULL,NULL,NULL,"UN","1","1",NULL,"produto","2024-12-15 17:52:46","2024-12-15 17:52:46"
"232","Fibraço",NULL,"6.00","6.00","1","3","26",NULL,NULL,NULL,"UN","1","1",NULL,"produto","2024-12-15 17:53:10","2024-12-15 17:53:10"
"233","Hipoclorito(cloro)5L",NULL,"20.00","20.00","4","8","26",NULL,NULL,NULL,"UN","1","1",NULL,"produto","2024-12-15 17:53:59","2024-12-15 17:53:59"
"234","Inseticida",NULL,"10.00","10.00","0","0","26",NULL,NULL,NULL,"UN","1","1",NULL,"produto","2024-12-15 17:54:37","2024-12-15 17:54:37"
"235","Lustra Móveis",NULL,"5.00","5.00","2","3","26",NULL,NULL,NULL,"UN","1","1",NULL,"produto","2024-12-15 17:55:02","2024-12-15 17:55:02"
"236","Luva látex",NULL,"5.20","5.20","2","3","26",NULL,NULL,NULL,"UN","1","1",NULL,"produto","2024-12-15 17:55:25","2024-12-15 17:55:25"
"237","Luva plástica",NULL,"6.50","6.50","1","1","26",NULL,NULL,NULL,"UN","1","1",NULL,"produto","2024-12-15 17:55:55","2024-12-15 17:55:55"
"238","Naftalina",NULL,"1.50","1.50","8","20","26",NULL,NULL,NULL,"UN","1","1",NULL,"produto","2024-12-15 17:56:21","2024-12-15 17:56:21"
"239","Oleo de Peroba",NULL,"11.20","11.20","2","3","26",NULL,NULL,NULL,"UN","1","1",NULL,"produto","2024-12-15 17:56:50","2024-12-15 17:56:50"
"240","Pano de limpeza",NULL,"0.22","0.22","1","5","26",NULL,NULL,NULL,"UN","1","1",NULL,"produto","2024-12-15 17:57:27","2024-12-15 17:57:27"
"241","Papel Higiênico",NULL,"3.50","3.50","54","80","26",NULL,NULL,NULL,"UN","1","1",NULL,"produto","2024-12-15 17:58:10","2024-12-15 17:58:10"
"242","Papel Higiênico Big",NULL,"8.50","8.50","12","60","26",NULL,NULL,NULL,"UN","1","1",NULL,"produto","2024-12-15 17:58:56","2024-12-15 17:58:56"
"243","Papel Toalha-fardo",NULL,"4.00","4.00","40","100","26",NULL,"243",NULL,"UN","1","1",NULL,"produto","2024-12-15 18:03:53","2024-12-15 18:06:39"
"244","Pastilha sanitária",NULL,"8.00","8.00","10","20","26",NULL,"244",NULL,"UN","1","1",NULL,"produto","2024-12-15 18:04:36","2024-12-15 18:06:51"
"245","Pretinho - 500ml",NULL,"3.00","3.00","1","10","26",NULL,"245",NULL,"UN","1","1",NULL,"produto","2024-12-15 18:06:09","2024-12-15 18:07:06"
"246","Sabao pedra - unid",NULL,"2.40","2.40","35","50","26",NULL,NULL,NULL,"UN","1","1",NULL,"produto","2024-12-15 18:08:06","2024-12-15 18:08:06"
"247","Sabao po",NULL,"6.00","6.00","26","52","26",NULL,NULL,NULL,"UN","1","1",NULL,"produto","2024-12-15 18:08:29","2024-12-15 18:08:29"
"248","Sabonete Liquido-5l",NULL,"20.00","20.00","2","5","26",NULL,NULL,NULL,"UN","1","1",NULL,"produto","2024-12-15 18:09:19","2024-12-15 18:09:19"
"249","Sache Sabonete - 50",NULL,"20.00","20.00","6","20","26",NULL,NULL,NULL,"UN","1","1",NULL,"produto","2024-12-15 18:09:41","2024-12-15 18:09:41"
"250","Sache Shampoo - 50",NULL,"24.00","24.00","4","20","26",NULL,NULL,NULL,"UN","1","1",NULL,"produto","2024-12-15 18:10:03","2024-12-15 18:10:03"
"251","Saco lixo 100L -unid",NULL,"0.35","0.35","66","300","26",NULL,NULL,NULL,"UN","1","1",NULL,"produto","2024-12-15 18:10:49","2024-12-15 18:10:49"
"252","Saco lixo 15L- pac",NULL,"7.00","7.00","6","20","26",NULL,NULL,NULL,"UN","1","1",NULL,"produto","2024-12-15 18:11:16","2024-12-15 18:11:16"
"253","Silicone - 500ml",NULL,"10.00","10.00","1","10","26",NULL,NULL,NULL,"UN","1","1",NULL,"produto","2024-12-15 18:11:41","2024-12-15 18:11:41"
"254","VAR - Cabo",NULL,"1.00","1.00","2","24","26",NULL,NULL,NULL,"UN","1","1",NULL,"produto","2024-12-15 18:12:34","2024-12-15 18:12:34"
"255","VAR - Ciscador",NULL,"50.00","50.00","0","2","26",NULL,NULL,NULL,"UN","1","1",NULL,"produto","2024-12-15 18:12:59","2024-12-15 18:12:59"
"256","VAR - Ciscador plástico",NULL,"15.00","15.00","0","3","26",NULL,NULL,NULL,"UN","1","1",NULL,"produto","2024-12-15 18:13:22","2024-12-15 18:13:22"
"257","VAR - MOP",NULL,"15.00","15.00","0","2","26",NULL,NULL,NULL,"UN","1","1",NULL,"produto","2024-12-15 18:13:45","2024-12-15 18:13:45"
"258","VAR - Pá",NULL,"1.20","1.20","1","12","26",NULL,NULL,NULL,"UN","1","1",NULL,"produto","2024-12-15 18:14:09","2024-12-15 18:14:09"
"259","VAR - Rodo",NULL,"1.50","1.50","1","12","26",NULL,NULL,NULL,"UN","1","1",NULL,"produto","2024-12-15 18:14:48","2024-12-15 18:14:48"
"260","VAR - Vassoura",NULL,"3.50","3.50","2","24","26",NULL,NULL,NULL,"UN","1","1",NULL,"produto","2024-12-15 18:15:11","2024-12-15 18:15:11"
"261","VAR - Vassourão",NULL,"3.50","3.50","0","1","26",NULL,NULL,NULL,"UN","1","1",NULL,"produto","2024-12-15 18:15:31","2024-12-15 18:15:31"
"262","REFRIGERANTE COCA-COLA APT",NULL,"6.00","6.00","10","10","36",NULL,NULL,NULL,"UN","1","1",NULL,"produto","2024-12-15 19:21:55","2024-12-15 19:21:55"
"263","Cerveja Amstel 350ml APT",NULL,"7.00","7.00","10","10","36",NULL,NULL,NULL,"UN","1","1",NULL,"produto","2024-12-15 19:22:56","2024-12-15 19:22:56"
"264","Cerveja Heineken 350ml APT",NULL,"9.00","9.00","10","10","36",NULL,NULL,NULL,"UN","1","1",NULL,"produto","2024-12-15 19:24:04","2024-12-15 19:24:04"
"265","Água Mineral 500ml APT",NULL,"3.00","3.00","10","10","36",NULL,"265",NULL,"UN","1","1",NULL,"produto","2024-12-15 19:24:52","2024-12-15 19:25:04"
"266","Cerveja Amstel 350ml BAR",NULL,"7.00","7.00","10","10","9",NULL,"266","1","UN","1","1",NULL,"produto","2024-12-15 19:33:11","2025-01-04 20:38:57"
"267","Carne de sol c/ fritas",NULL,"39.00","39.00","5","10","2",NULL,"267","0","UN","1","1","PRODUTO COM COMPOSIÇÃO","produto","2024-12-19 18:27:31","2025-01-05 21:49:25"
"271","PRODUTO BATATA",NULL,"13.00","13.00","10","100","17",NULL,"271",NULL,"UN","1","1","PRODUTO COMPOSIÇÃO","produto","2024-12-24 12:19:06","2025-01-05 21:05:58"
"272","PRODUTO BACON",NULL,"4.00","4.00","0","200","17",NULL,"272",NULL,"UN","1","1","PRODUTO COMPOSIÇÃO","produto","2024-12-24 12:20:23","2025-01-05 21:05:55"
"273","BATATA CHEDDAR",NULL,"17.00","17.00","10","200","2",NULL,"273","0","UN","1","1","PRODUTO COMPOSIÇÃO","produto","2024-12-24 12:22:39","2024-12-24 12:22:59"
"275","PRODUTO COSTELA",NULL,"26.00","26.00","10","50","17",NULL,"275",NULL,"UN","1","1","PRODUTO COMPOSIÇÃO","produto","2024-12-25 17:54:47","2025-01-05 21:05:06"
"276","COSTELA AO BARBECUE",NULL,"39.00","39.00","10","50","2",NULL,"276","0","UN","1","1","PRODUTO COMPOSIÇÃO","produto","2024-12-25 17:59:41","2024-12-25 18:00:05"
"277","PRODUTO FINAL",NULL,"1000.00","1000.00","50","60","2",NULL,"277","0","UN","1","1","PRODUTO COMPOSIÇÃO","produto","2024-12-25 18:49:17","2024-12-25 18:51:09"
"278","COMP- PRODUTO FINAL 1",NULL,"10.00","10.00","10","20","17",NULL,"278","0","UN","1","1","PRODUTO COMPOSIÇÃO","produto","2024-12-25 18:50:13","2024-12-28 17:50:20"
"279","COMP- PRODUTO FINAL 2",NULL,"0.00","0.00","10","20","17",NULL,"279","0","UN","1","1","PRODUTO COMPOSIÇÃO","produto","2024-12-25 18:50:43","2024-12-28 17:50:13"
"280","CERVEJA - PETRA",NULL,"7.00","7.00","0","500","9",NULL,NULL,"1","UN","1","1",NULL,"produto","2025-01-04 20:36:06","2025-01-04 20:36:06"
"281","Ice Smirnoff",NULL,"12.00","12.00","0","500","9",NULL,NULL,"1","UN","1","1",NULL,"produto","2025-01-04 20:36:45","2025-01-04 20:36:45"
"282","CERVEJA - HEINEKEN",NULL,"9.00","9.00","0","500","9",NULL,NULL,"1","UN","1","1",NULL,"produto","2025-01-04 20:37:21","2025-01-04 20:37:21"
"283","CERVEJA - BUDWEISER 350ML",NULL,"8.00","8.00","0","500","9",NULL,NULL,"1","UN","1","1",NULL,"produto","2025-01-04 20:37:55","2025-01-04 20:37:55"
"284","CERVEJA - BRAHMA CHOPP",NULL,"8.00","8.00","0","500","9",NULL,NULL,"1","UN","1","1",NULL,"produto","2025-01-04 20:38:26","2025-01-04 20:38:26"
"285","Agua c/ Gás",NULL,"5.00","5.00","0","500","10",NULL,NULL,"1","UN","1","1",NULL,"produto","2025-01-04 20:52:35","2025-01-04 20:52:35"
"286","CERVEJA - ZERO 0,0%",NULL,"9.00","9.00","0","500","10",NULL,NULL,"1","UN","1","1",NULL,"produto","2025-01-04 20:54:07","2025-01-04 20:54:07"
"287","H2O LIMONETO",NULL,"6.00","6.00","0","500","10",NULL,NULL,"1","UN","1","1",NULL,"produto","2025-01-04 20:54:42","2025-01-04 20:54:42"
"288","REFRIGERANTE SODA",NULL,"6.00","6.00","0","500","10",NULL,NULL,"1","UN","1","1",NULL,"produto","2025-01-04 20:55:29","2025-01-04 20:55:29"
"289","REFRIGERANTE GUARANÁ",NULL,"6.00","6.00","0","500","10",NULL,NULL,"1","UN","1","1",NULL,"produto","2025-01-04 20:56:07","2025-01-04 20:56:07"
"290","REFRIGERANTE FANTA",NULL,"6.00","6.00","0","500","10",NULL,NULL,"1","UN","1","1",NULL,"produto","2025-01-04 20:56:36","2025-01-04 20:56:36"
"291","REFRIGERANTE FANTA",NULL,"6.00","6.00","0","500","10",NULL,NULL,"1","UN","1","1",NULL,"produto","2025-01-04 20:57:10","2025-01-04 20:57:10"
"292","H2O",NULL,"6.00","6.00","0","500","10",NULL,"292","1","UN","1","1",NULL,"produto","2025-01-04 20:57:59","2025-01-04 20:59:24"
"293","Energético",NULL,"12.00","12.00","0","500","10",NULL,NULL,"1","UN","1","1",NULL,"produto","2025-01-04 20:58:48","2025-01-04 20:58:48"
"294","COCO VERDE",NULL,"5.00","5.00","0","50","10",NULL,NULL,"1","UN","1","1",NULL,"produto","2025-01-04 20:59:14","2025-01-04 20:59:14"
"295","Vinagrete",NULL,"4.00","4.00","0","10000","13",NULL,NULL,"0","UN","1","1",NULL,"produto","2025-01-04 21:02:03","2025-01-04 21:02:03"
"296","Feijão",NULL,"8.00","8.00","0","500","13",NULL,NULL,"0","UN","1","1",NULL,"produto","2025-01-04 21:02:24","2025-01-04 21:02:24"
"297","Farofa",NULL,"4.00","4.00","0","500","13",NULL,NULL,"0","UN","1","1",NULL,"produto","2025-01-04 21:02:45","2025-01-04 21:02:45"
"298","Arroz",NULL,"8.00","8.00","0","1000","13",NULL,NULL,"0","UN","1","1",NULL,"produto","2025-01-04 21:03:12","2025-01-04 21:03:12"
"299","DOSE LICOR DE MENTA",NULL,"0.00","0.00","0","500","8",NULL,NULL,"1","UN","1","1",NULL,"produto","2025-01-04 21:04:39","2025-01-04 21:04:39"
"300","DOSE -  Wisky Old Par",NULL,"18.00","18.00","0","500","8",NULL,NULL,"1","UN","1","1",NULL,"produto","2025-01-04 21:05:01","2025-01-04 21:05:01"
"301","DOSE - DE VODKA",NULL,"6.00","6.00","0","500","8",NULL,NULL,"1","UN","1","1",NULL,"produto","2025-01-04 21:05:35","2025-01-04 21:05:35"
"302","DOSE - Pitú",NULL,"4.00","4.00","0","500","8",NULL,NULL,"1","UN","1","1",NULL,"produto","2025-01-04 21:05:54","2025-01-04 21:05:54"
"303","DOSE - Black White",NULL,"7.00","7.00","0","500","8",NULL,NULL,"1","UN","1","1",NULL,"produto","2025-01-04 21:06:14","2025-01-04 21:06:14"
"304","PRODUTO - CROQUETE  COSTELA",NULL,"0.00","0.00","0","0","17",NULL,"304",NULL,"UN","1","1",NULL,"produto","2025-01-05 20:56:57","2025-01-05 21:03:48"
"305","PRODUTO - CROQUETE CUPIM",NULL,"0.00","0.00","8","4","17",NULL,"305",NULL,"UN","1","1",NULL,"produto","2025-01-05 20:57:34","2025-01-05 21:03:37"
"306","PRODUTO PEIXE POSTA",NULL,"0.00","0.00","5","200","17",NULL,"306",NULL,"UN","1","1",NULL,"produto","2025-01-05 20:57:59","2025-01-05 21:03:54"
"307","PRODUTO MACAXEIRA FRITA",NULL,"0.00","0.00","20","200","17",NULL,"307",NULL,"UN","1","1",NULL,"produto","2025-01-05 20:58:16","2025-01-05 21:04:00"
"308","PRODUTO ISCA DE FRANGO",NULL,"0.00","0.00","20","200","17",NULL,"308",NULL,"UN","1","1",NULL,"produto","2025-01-05 20:58:35","2025-01-05 21:03:27"
"309","PRODUTO COXINHA",NULL,"0.00","0.00","10","200","17",NULL,"309",NULL,"UN","1","1",NULL,"produto","2025-01-05 20:58:56","2025-01-05 21:03:22"
"310","PRODUTO CAMARÃO ALHO E ÓLEO",NULL,"40.00","40.00","4","200","17",NULL,"310",NULL,"UN","1","1",NULL,"produto","2025-01-05 20:59:22","2025-01-05 21:04:34"
"311","PRODUTO CALDINHO DE FEIJÃO",NULL,"9.00","9.00","10","200","17",NULL,"311",NULL,"UN","1","1",NULL,"produto","2025-01-05 20:59:43","2025-01-05 21:03:16"
"312","PRODUTO CALDINHO DE PEIXE",NULL,"9.00","9.00","10","200","17",NULL,"312",NULL,"UN","1","1",NULL,"produto","2025-01-05 21:00:08","2025-01-05 21:04:23"
"313","PRODUTO BOLINHO DE QUEIJO",NULL,"12.00","12.00","10","200","17",NULL,"313",NULL,"UN","1","1",NULL,"produto","2025-01-05 21:00:32","2025-01-05 21:03:12"
"314","PRODUTO ASINHA",NULL,"28.00","28.00","15","200","17",NULL,"314",NULL,"UN","1","1",NULL,"produto","2025-01-05 21:01:12","2025-01-05 21:03:07"
"315","PRODUTO CUPIM",NULL,"35.00","35.00","10","200","17",NULL,"315",NULL,"UN","1","1",NULL,"produto","2025-01-05 21:01:57","2025-01-05 21:03:03"
"316","PRODUTO CARNE DE SOL",NULL,"26.00","26.00","30","200","17",NULL,"316",NULL,"UN","1","1",NULL,"produto","2025-01-05 21:02:53","2025-01-05 21:02:58"
"317","PRODUTO CALABRESA",NULL,"11.00","11.00","20","200","17",NULL,NULL,NULL,"UN","1","1",NULL,"produto","2025-01-05 21:06:37","2025-01-05 21:06:37"
"318","CROQUETE COSTELA",NULL,"0.00","0.00","0","0","2",NULL,NULL,"0","UN","1","1",NULL,"produto","2025-01-05 21:10:50","2025-01-05 21:10:50"
"319","ASINHA/COXINHA DE FRANGO",NULL,"28.00","28.00","0","500","2",NULL,NULL,"0","UN","1","1",NULL,"produto","2025-01-05 21:11:42","2025-01-05 21:11:42"
"320","Caldinho de Feijão",NULL,"9.00","9.00","0","500","2",NULL,NULL,"0","UN","1","1",NULL,"produto","2025-01-05 21:12:24","2025-01-05 21:12:24"
"321","CROQUETE CUPIM",NULL,"25.00","25.00","0","500","2",NULL,NULL,"0","UN","1","1",NULL,"produto","2025-01-05 21:13:12","2025-01-05 21:13:12"
"323","Peixe posta",NULL,"32.00","32.00","0","500","2",NULL,NULL,"0","UN","1","1",NULL,"produto","2025-01-05 21:15:25","2025-01-05 21:15:25"
"324","Macaxeira Frita",NULL,"13.00","13.00","0","500","2",NULL,NULL,"0","UN","1","1",NULL,"produto","2025-01-05 21:16:12","2025-01-05 21:16:12"
"325","ISCA DE FRANGO",NULL,"26.00","26.00","0","500","2",NULL,"325","0","UN","1","1",NULL,"produto","2025-01-05 21:16:43","2025-01-05 21:16:58"
"326","Cupim a brejeira",NULL,"48.00","48.00","0","500","2",NULL,"326","0","UN","1","1",NULL,"produto","2025-01-05 21:18:00","2025-01-05 21:18:19"
"327","Coxinha",NULL,"12.00","12.00","0","500","2",NULL,NULL,"0","UN","1","1",NULL,"produto","2025-01-05 21:21:27","2025-01-05 21:21:27"
"329","Carne de sol c/ macaxeira",NULL,"39.00","39.00","0","500","2",NULL,"329","0","UN","1","1",NULL,"produto","2025-01-05 21:24:08","2025-01-05 21:48:50"
"330","Carne de sol c/ fritas",NULL,"39.00","39.00","0","500","2",NULL,NULL,"0","UN","1","1",NULL,"produto","2025-01-05 21:25:11","2025-01-05 21:25:11"
"331","Camarão alho e óleo",NULL,"40.00","40.00","0","500","2",NULL,NULL,"0","UN","1","1",NULL,"produto","2025-01-05 21:25:46","2025-01-05 21:25:46"
"332","Caldinho de Peixe",NULL,"9.00","9.00","0","500","2",NULL,NULL,"0","UN","1","1",NULL,"produto","2025-01-05 21:26:24","2025-01-05 21:26:24"
"333","Calabresa Com Macaxeira",NULL,"24.00","24.00","0","500","2",NULL,"333","0","UN","1","1",NULL,"produto","2025-01-05 21:26:54","2025-01-05 21:27:09"
"334","Calabresa com fritas",NULL,"24.00","24.00","0","500","2",NULL,"334","0","UN","1","1",NULL,"produto","2025-01-05 21:27:51","2025-01-05 21:28:02"
"335","BOLINHO DE QUEIJO",NULL,"12.00","12.00","0","500","2",NULL,NULL,"0","UN","1","1",NULL,"produto","2025-01-05 21:28:43","2025-01-05 21:28:43"
"336","POLPA DE ACEROLA",NULL,"0.00","0.00","0","500","18",NULL,NULL,NULL,"UN","1","1",NULL,"produto","2025-01-05 21:32:27","2025-01-05 21:32:27"
"337","POLPA DE MORANGO",NULL,"0.00","0.00","0","500","18",NULL,NULL,NULL,"UN","1","1",NULL,"produto","2025-01-05 21:32:47","2025-01-05 21:32:47"
"338","POLPA DE MARACUJÁ",NULL,"0.00","0.00","0","500","18",NULL,NULL,NULL,"UN","1","1",NULL,"produto","2025-01-05 21:33:09","2025-01-05 21:33:09"
"339","POLPA DE GRAVIOLA",NULL,"0.00","0.00","0","500","18",NULL,NULL,NULL,"UN","1","1",NULL,"produto","2025-01-05 21:33:29","2025-01-05 21:33:29"
"340","POLPA DE GOIABA",NULL,"0.00","0.00","0","500","18",NULL,NULL,NULL,"UN","1","1",NULL,"produto","2025-01-05 21:33:47","2025-01-05 21:33:47"
"341","POLPA DE CAJÚ",NULL,"0.00","0.00","0","500","18",NULL,NULL,NULL,"UN","1","1",NULL,"produto","2025-01-05 21:34:03","2025-01-05 21:34:03"
"342","POLPA DE CAJÁ",NULL,"0.00","0.00","0","500","18",NULL,NULL,NULL,"UN","1","1",NULL,"produto","2025-01-05 21:34:22","2025-01-05 21:34:22"
"343","CAIPIFRUTA goiaba",NULL,"11.00","11.00","0","0","7",NULL,"343","1","UN","1","1",NULL,"produto","2025-01-05 21:35:35","2025-01-05 21:35:51"
"344","CAIPIFRUTA CAJU",NULL,"11.00","11.00","0","500","7",NULL,"344","1","UN","1","1",NULL,"produto","2025-01-05 21:36:47","2025-01-05 21:38:55"
"345","CAIPIFRUTA ACEROLA",NULL,"11.00","11.00","0","500","7",NULL,"345","1","UN","1","1",NULL,"produto","2025-01-05 21:37:10","2025-01-05 21:38:33"
"346","CAIPIFRUTA GRAVIOLA",NULL,"11.00","11.00","0","500","7",NULL,"346","1","UN","1","1",NULL,"produto","2025-01-05 21:37:49","2025-01-05 21:42:19"
"347","DRINK KRIPTONITA",NULL,"11.00","11.00","0","500","7",NULL,"347","1","UN","1","1",NULL,"produto","2025-01-05 21:40:10","2025-01-05 21:40:31"
"348","DOSE PITCHULINHA",NULL,"0.00","0.00","0","500","8",NULL,NULL,"1","UN","1","1",NULL,"produto","2025-01-05 21:41:42","2025-01-05 21:41:42"
"349","CAIPIROSKA",NULL,"9.00","12.00","0","500","7",NULL,"349","1","UN","1","1",NULL,"produto","2025-01-05 21:43:00","2026-03-07 19:04:43"
"350","CAIPIRINHA",NULL,"7.00","7.00","0","500","7",NULL,NULL,"1","UN","1","1",NULL,"produto","2025-01-05 21:43:49","2025-01-05 21:43:49"
"351","CAIPIFRUTA MORANGO",NULL,"12.00","12.00","0","500","7",NULL,"351","1","UN","1","1",NULL,"produto","2025-01-05 21:44:24","2025-01-05 21:44:35"
"352","CAIPIFRUTA MARACUJÁ",NULL,"12.00","12.00","0","500","7",NULL,"352","1","UN","1","1",NULL,"produto","2025-01-05 21:45:12","2025-01-05 21:45:24"
"353","CAIPIFRUTA CAJÁ",NULL,"11.00","11.00","0","500","7",NULL,"353","1","UN","1","1",NULL,"produto","2025-01-05 21:45:46","2025-01-05 21:46:06"
"354","SUCO DE GOIABA S/LEITE",NULL,"6.00","6.00","0","500","12",NULL,"354","1","UN","1","1",NULL,"produto","2025-01-05 21:52:15","2025-01-05 21:52:28"
"355","SUCO DE CAJU  S/LEITE",NULL,"6.00","6.00","0","500","12",NULL,NULL,"1","UN","1","1",NULL,"produto","2025-01-05 21:52:59","2025-01-05 21:52:59"
"356","SUCO DE MORANGO S/ LEITE",NULL,"7.00","7.00","0","500","12",NULL,NULL,"1","UN","1","1",NULL,"produto","2025-01-05 21:53:36","2025-01-05 21:53:36"
"357","SUCO LIMÃO",NULL,"6.00","6.00","0","500","12",NULL,NULL,"1","UN","1","1",NULL,"produto","2025-01-05 21:54:02","2025-01-05 21:54:02"
"358","SUCO DE MARACUJÁ S/ LEITE",NULL,"7.00","7.00","0","500","12",NULL,NULL,"1","UN","1","1",NULL,"produto","2025-01-05 21:54:44","2025-01-05 21:54:44"
"359","SUCO DE GRAVIOLA S/ LEITE",NULL,"6.00","6.00","0","500","12",NULL,NULL,"1","UN","1","1",NULL,"produto","2025-01-05 21:55:24","2025-01-05 21:55:24"
"360","SUCO DE CAJÁ S/ LEITE",NULL,"6.00","6.00","0","500","12",NULL,NULL,"1","UN","1","1",NULL,"produto","2025-01-05 21:55:55","2025-01-05 21:55:55"
"361","SUCO DE ACEROLA S/ LEITE",NULL,"6.00","6.00","0","500","12",NULL,NULL,"1","UN","1","1",NULL,"produto","2025-01-05 21:56:29","2025-01-05 21:56:29"
"362","SUCO DE GOIABA C/LEITE",NULL,"7.00","7.00","0","500","14",NULL,NULL,"1","UN","1","1",NULL,"produto","2025-01-05 21:59:09","2025-01-05 21:59:09"
"363","SUCO DE CAJU C/LEITE",NULL,"7.00","7.00","0","500","14",NULL,NULL,"1","UN","1","1",NULL,"produto","2025-01-05 21:59:40","2025-01-05 21:59:40"
"364","SUCO DE MORANGO C/ LEITE",NULL,"8.00","8.00","0","500","14",NULL,NULL,"1","UN","1","1",NULL,"produto","2025-01-05 22:00:17","2025-01-05 22:00:17"
"365","SUCO DE MARACUJÁ C/ LEITE",NULL,"8.00","8.00","0","500","14",NULL,NULL,"1","UN","1","1",NULL,"produto","2025-01-05 22:00:55","2025-01-05 22:00:55"
"366","SUCO DE GRAVIOLA C/ LEITE",NULL,"7.00","7.00","0","500","14",NULL,NULL,"1","UN","1","1",NULL,"produto","2025-01-05 22:01:35","2025-01-05 22:01:35"
"367","SUCO DE CAJÁ C/ LEITE",NULL,"7.00","7.00","0","500","14",NULL,NULL,"1","UN","1","1",NULL,"produto","2025-01-05 22:02:25","2025-01-05 22:02:25"
"368","SUCO DE ACEROLA C/ LEITE",NULL,"7.00","7.00","0","500","14",NULL,NULL,"1","UN","1","1",NULL,"produto","2025-01-05 22:03:08","2025-01-05 22:03:08"
"369","TAÇAS ALDEIA DOS CAMARAS",NULL,"15.00","15.00","0","50","15",NULL,NULL,"1","UN","1","1",NULL,"produto","2025-01-05 22:04:55","2025-01-05 22:04:55"
"370","BALDE DE GELO",NULL,"6.00","6.00","0","500","6",NULL,NULL,"1","UN","1","1",NULL,"produto","2025-01-05 22:07:14","2025-01-05 22:07:14"
"371","QBB - COMUM AÇAI",NULL,"4.00","0.00","0","26","30",NULL,"371","1","UN","1","1",NULL,"produto","2025-01-05 22:09:54","2025-01-05 22:10:00"
"372","QBB - Q CONE BRIGADEIRO",NULL,"5.77","8.50","0","12","30",NULL,NULL,"1","UN","1","1",NULL,"produto","2025-01-05 22:10:27","2025-01-05 22:10:27"
"373","QBB - CASEIRO BEIJINHO",NULL,"3.08","5.00","0","21","30",NULL,NULL,"1","UN","1","1",NULL,"produto","2025-01-05 22:11:01","2025-01-05 22:11:01"
"374","QBB - FESTA BOMBOM BRANCO",NULL,"4.60","7.00","0","20","30",NULL,NULL,"1","UN","1","1",NULL,"produto","2025-01-05 22:11:29","2025-01-05 22:11:29"
"375","QBB - AÇAI COM LEITINHO",NULL,"1.54","5.00","0","26","30",NULL,NULL,"1","UN","1","1",NULL,"produto","2025-01-05 22:14:28","2025-01-05 22:14:28"
"376","QBB - Q MAXX L. PREMIUM MALTINE",NULL,"5.38","8.00","0","20","30",NULL,NULL,"1","UN","1","1",NULL,"produto","2025-01-05 22:14:52","2025-01-05 22:14:52"
"377","QBB - Q CONE CROCANTE",NULL,"5.77","8.50","0","12","30",NULL,NULL,"1","UN","1","1",NULL,"produto","2025-01-05 22:15:15","2025-01-05 22:15:15"
"378","QBB - LEITINHO TRUFADO",NULL,"3.08","5.00","0","26","30",NULL,NULL,"1","UN","1","1",NULL,"produto","2025-01-05 22:15:39","2025-01-05 22:15:39"
"379","QBB - C/ POLPA  Q FRUTA CAJÁ",NULL,"1.54","4.00","0","26","30",NULL,NULL,"1","UN","1","1",NULL,"produto","2025-01-05 22:16:24","2025-01-05 22:16:24"
"380","QBB - Q MAXX L. PREMIUM COOKIES",NULL,"5.38","8.00","0","20","30",NULL,NULL,"1","UN","1","1",NULL,"produto","2025-01-05 22:16:49","2025-01-05 22:16:49"
"381","QBB - COMUM COCO",NULL,"1.54","4.00","0","26","30",NULL,NULL,"1","UN","1","1",NULL,"produto","2025-01-05 22:17:14","2025-01-05 22:17:14"
"382","QBB - COMUM CHOCOLATE",NULL,"1.54","4.00","0","26","30",NULL,NULL,"1","UN","1","1",NULL,"produto","2025-01-05 22:17:42","2025-01-05 22:17:42"
"383","QBB - Q MAXX L. PREMIUM MOUSSE DE MARACUJÁ",NULL,"5.38","8.00","0","20","30",NULL,NULL,"1","UN","1","1",NULL,"produto","2025-01-05 22:18:04","2025-01-05 22:18:04"
"384","QBB - Q MAXX L. PREMIUM CHOCOLATE",NULL,"5.38","8.00","0","20","30",NULL,NULL,"1","UN","1","1",NULL,"produto","2025-01-05 22:18:32","2025-01-05 22:18:32"
"385","QBB - FESTA BRIGADEIRO",NULL,"4.60","7.00","0","22","30",NULL,NULL,"1","UN","1","1",NULL,"produto","2025-01-05 22:18:53","2025-01-05 22:18:53"
"386","QBB - CASEIRO NATA GOIABA",NULL,"3.08","5.00","0","21","30",NULL,NULL,"1","UN","1","1",NULL,"produto","2025-01-05 22:19:24","2025-01-05 22:19:24"
"387","QBB - CASEIRO MORANGO",NULL,"5.00","5.00","0","21","30",NULL,NULL,"1","UN","1","1",NULL,"produto","2025-01-05 22:19:43","2025-01-05 22:19:43"
"388","QBB - NAPOLITANO CREMOSO",NULL,"2.70","4.50","0","26","30",NULL,NULL,"1","UN","1","1",NULL,"produto","2025-01-05 22:20:06","2025-01-05 22:20:06"
"389","QBB - Q FRUTA UVA",NULL,"1.54","3.00","0","26","30",NULL,NULL,"1","UN","1","1",NULL,"produto","2025-01-05 22:20:44","2025-01-05 22:20:44"
"390","QBB - Q FRUTA LIMÃO",NULL,"1.54","3.00","0","26","30",NULL,NULL,"1","UN","1","1",NULL,"produto","2025-01-05 22:21:18","2025-01-05 22:21:18"
"391","QBB - COMUM L/CONDENSADO",NULL,"1.54","4.00","0","26","30",NULL,NULL,"1","UN","1","1",NULL,"produto","2025-01-05 22:21:42","2025-01-05 22:21:42"
"392","Amorito Chocorito - RECEPÇÃO",NULL,"9.00","9.00","5","20","16",NULL,NULL,"2","UN","1","1",NULL,"produto","2025-01-06 07:28:17","2025-01-06 07:28:17"
"393","Amorito Torta Alemã - RECEPÇÃO",NULL,"7.00","7.00","5","22","16",NULL,NULL,"2","UN","1","1",NULL,"produto","2025-01-06 07:28:49","2025-01-06 07:28:49"
"394","Amorito Chocolate - RECEPÇÃO",NULL,"6.00","6.00","5","24","16",NULL,NULL,"2","UN","1","1",NULL,"produto","2025-01-06 07:30:47","2025-01-06 07:30:47"
"395","Amorito Amendoim - RECEPÇÃO",NULL,"6.00","6.00","5","24","16",NULL,NULL,"2","UN","1","1",NULL,"produto","2025-01-06 07:31:14","2025-01-06 07:31:14"
"396","Amorito Milho Verde- RECEPÇÃO",NULL,"6.00","6.00","5","24","16",NULL,NULL,"2","UN","1","1",NULL,"produto","2025-01-06 07:31:37","2025-01-06 07:31:37"
"397","Amorito Frutas - Coco - RECEPÇÃO",NULL,"8.00","8.00","0","100","16",NULL,NULL,"2","UN","1","1",NULL,"produto","2025-01-06 07:32:03","2025-01-06 07:32:03"
"398","Amorito -Sundae Morango - RECEPÇÃO",NULL,"9.00","9.00","0","15","16",NULL,NULL,"2","UN","1","1",NULL,"produto","2025-01-06 07:32:25","2025-01-06 07:32:25"
"399","Amorito - Sundae Chocolate - RECEPÇÃO",NULL,"8.00","9.00","0","15","16",NULL,NULL,"2","UN","1","1",NULL,"produto","2025-01-06 07:32:51","2025-01-06 07:32:51"
"400","Amorito Frutas - Graviola - RECEPÇÃO",NULL,"0.00","6.00","0","50","16",NULL,NULL,"2","UN","1","1",NULL,"produto","2025-01-06 07:33:12","2025-01-06 07:33:12"
"401","Amorito Paçoca - RECEPÇÃO",NULL,"6.00","7.00","0","22","16",NULL,NULL,"2","UN","1","1",NULL,"produto","2025-01-06 07:33:50","2025-01-06 07:33:50"
"402","Amorito Brigadeiro - RECEPÇÃO",NULL,"8.00","9.00","0","20","16",NULL,NULL,"2","UN","1","1",NULL,"produto","2025-01-06 07:34:19","2025-01-06 07:34:19"
"403","Amorito Trufados - Açaí - RECEPÇÃO",NULL,"6.00","7.00","0","22","16",NULL,NULL,"2","UN","1","1",NULL,"produto","2025-01-06 07:34:44","2025-01-06 07:34:44"
"404","Amorito Trufado - Cupuaçu - RECEPÇÃO",NULL,"5.00","7.00","0","50","16",NULL,NULL,"2","UN","1","1",NULL,"produto","2025-01-06 07:35:08","2025-01-06 07:35:08"
"405","Amorito Premium - Ninho Trufado - RECEPÇÃO",NULL,"8.00","9.00","0","22","16",NULL,NULL,"2","UN","1","1",NULL,"produto","2025-01-06 07:35:39","2025-01-06 07:35:39"
"406","Amorito Cremosos - Morango - RECEPÇÃO",NULL,"6.00","6.00","0","24","16",NULL,NULL,"2","UN","1","1",NULL,"produto","2025-01-06 07:36:06","2025-01-06 07:36:06"
"407","Amorito Copinho - Sortidos - RECEPÇÃO",NULL,"0.00","7.00","0","12","16",NULL,NULL,"2","UN","1","1",NULL,"produto","2025-01-06 07:36:39","2025-01-06 07:36:39"
"408","FITEIRO - SONHO DE VALSA",NULL,"0.00","2.00","0","50","16",NULL,NULL,"2","UN","1","1",NULL,"produto","2025-01-06 07:39:12","2025-01-06 07:39:12"
"409","FITEIRO - TAÇA DE VINHO",NULL,"0.00","15.00","0","20","16",NULL,NULL,"2","UN","1","1",NULL,"produto","2025-01-06 07:39:30","2025-01-06 07:39:30"
"410","FITEIRO - Amendoim",NULL,"0.00","5.00","0","30","16",NULL,NULL,"2","UN","1","1",NULL,"produto","2025-01-06 07:39:50","2025-01-06 07:39:50"
"411","FITEIRO - TAÇAS ALDEIA DOS CAMARAS",NULL,"0.00","15.00","0","100","16",NULL,NULL,"2","UN","1","1",NULL,"produto","2025-01-06 07:40:11","2025-01-06 07:40:11"
"412","FITEIRO - Chocolates",NULL,"0.00","6.00","0","58","16",NULL,NULL,"2","UN","1","1",NULL,"produto","2025-01-06 07:40:34","2025-01-06 07:40:34"
"413","FITEIRO - Pingo",NULL,"0.00","5.00","0","15","16",NULL,NULL,"2","UN","1","1",NULL,"produto","2025-01-06 07:40:53","2025-01-06 07:40:53"
"414","FITEIRO - Kit refeição - (Prato + talher)",NULL,"0.00","2.00","0","100","16",NULL,NULL,"2","UN","1","1",NULL,"produto","2025-01-06 07:41:18","2025-01-06 07:41:18"
"415","FITEIRO - Kit festa",NULL,"0.00","8.00","0","50","16",NULL,NULL,"2","UN","1","1",NULL,"produto","2025-01-06 07:41:36","2025-01-06 07:41:36"
"416","FITEIRO - Fruitella",NULL,"0.00","3.00","0","15","16",NULL,NULL,"2","UN","1","1",NULL,"produto","2025-01-06 07:41:54","2025-01-06 07:41:54"
"417","FITEIRO - Freegells",NULL,"0.00","2.00","0","12","16",NULL,NULL,"2","UN","1","1",NULL,"produto","2025-01-06 07:42:16","2025-01-06 07:42:16"
"418","FITEIRO - Doritos / Sensações",NULL,"0.00","8.00","0","12","16",NULL,NULL,"2","UN","1","1",NULL,"produto","2025-01-06 07:42:37","2025-01-06 07:42:37"
"419","FITEIRO - Cheetos",NULL,"0.00","5.00","0","12","16",NULL,NULL,"2","UN","1","1",NULL,"produto","2025-01-06 07:43:11","2025-01-06 07:43:11"
"420","FITEIRO - Bolsa camarás",NULL,"0.00","25.00","0","100","16",NULL,NULL,"2","UN","1","1",NULL,"produto","2025-01-06 07:43:30","2025-01-06 07:43:30"
"421","FITEIRO -  BISCOITO",NULL,"0.00","4.00","0","30","16",NULL,NULL,"2","UN","1","1",NULL,"produto","2025-01-06 07:43:48","2025-01-06 07:43:48"
"422","ADEGA - Vinho Tarapacá Blanc",NULL,"0.00","65.00","0","3","16",NULL,NULL,"2","UN","1","1",NULL,"produto","2025-01-06 07:45:37","2025-01-06 07:45:37"
"423","ADEGA - Vinho Cosecha Cabernet",NULL,"0.00","50.00","0","5","16",NULL,NULL,"2","UN","1","1",NULL,"produto","2025-01-06 07:45:56","2025-01-06 07:45:56"
"424","ADEGA - Vinho Leon Tarapacá Cabernet",NULL,"39.90","70.00","0","5","16",NULL,"424","2","UN","1","1",NULL,"produto","2025-01-06 07:46:14","2026-03-07 16:49:28"
"425","ADEGA - Vinho Pérgola Branco",NULL,"18.70","40.00","0","3","16",NULL,"425","2","UN","1","1",NULL,"produto","2025-01-06 07:46:32","2026-03-07 16:50:57"
"426","ADEGA - Vinho Pérgola Tinto",NULL,"18.10","40.00","0","30","16",NULL,"426","2","UN","1","1",NULL,"produto","2025-01-06 07:46:48","2026-03-07 16:51:25"
"427","ADEGA - Vinho Leon Tarapacá Carmenere",NULL,"0.00","65.00","0","5","16",NULL,NULL,"2","UN","1","1",NULL,"produto","2025-01-06 07:47:07","2025-01-06 07:47:07"
"428","ADEGA - Vinho Cosecha Carmenere",NULL,"0.00","50.00","0","5","16",NULL,NULL,"2","UN","1","1",NULL,"produto","2025-01-06 07:47:44","2025-01-06 07:47:44"
"429","HIG - Escova de dente",NULL,"3.10","6.00","0","12","16",NULL,NULL,"2","UN","1","1",NULL,"produto","2025-01-06 07:48:34","2025-01-06 07:48:34"
"430","HIG - Sabonete",NULL,"2.70","6.00","0","12","16",NULL,NULL,"2","UN","1","1",NULL,"produto","2025-01-06 07:48:58","2025-01-06 07:48:58"
"431","HIG - Creme dental",NULL,"2.80","6.00","0","12","16",NULL,NULL,"2","UN","1","1",NULL,"produto","2025-01-06 07:49:25","2025-01-06 07:49:25"
"432","HIG - Absorvente",NULL,"4.75","9.50","0","4","16",NULL,NULL,"2","UN","1","1",NULL,"produto","2025-01-06 07:49:56","2025-01-06 07:49:56"
"433","Material - Resistencia",NULL,"0.00","0.00","0","10","16",NULL,"433",NULL,"UN","1","1",NULL,"produto","2025-01-06 07:51:20","2025-01-06 08:16:51"
"434","Material - Alicate",NULL,"0.00","0.00","0","10","16",NULL,"434",NULL,"UN","1","1",NULL,"produto","2025-01-06 07:51:36","2025-01-06 08:17:12"
"435","Material - Tomada Adaptador",NULL,"0.00","0.00","1","1","16",NULL,"435",NULL,"UN","1","1",NULL,"produto","2025-01-06 07:51:57","2025-01-06 08:16:31"
"436","Material - LANTERNAS",NULL,"0.00","0.00","4","4","16",NULL,NULL,NULL,"UN","1","1",NULL,"produto","2025-01-06 07:52:15","2025-01-06 07:52:15"
"437","Material - Controle ar",NULL,"0.00","0.00","1","1","16",NULL,NULL,NULL,"UN","1","1",NULL,"produto","2025-01-06 07:52:31","2025-01-06 07:52:31"
"438","Material - Caneta Bic",NULL,"0.00","5.00","1","1","16",NULL,NULL,NULL,"UN","1","1",NULL,"produto","2025-01-06 07:52:54","2025-01-06 07:52:54"
"439","Material - Guarda Chuva",NULL,"0.00","0.00","1","1","16",NULL,NULL,NULL,"UN","1","1",NULL,"produto","2025-01-06 07:53:08","2025-01-06 07:53:08"
"440","Material - Caneta",NULL,"0.00","0.00","1","1","16",NULL,NULL,NULL,"KG","1","1",NULL,"produto","2025-01-06 07:53:23","2025-01-06 07:53:23"
"441","Material - Prancheta",NULL,"0.00","0.00","1","1","16",NULL,NULL,NULL,"UN","1","1",NULL,"produto","2025-01-06 07:53:42","2025-01-06 07:53:42"
"442","Material - Calculadora",NULL,"0.00","0.00","1","1","16",NULL,NULL,NULL,"UN","1","1",NULL,"produto","2025-01-06 07:54:00","2025-01-06 07:54:00"
"443","Material - Controle cortina de vento",NULL,"0.00","0.00","1","1","16",NULL,NULL,NULL,"UN","1","1",NULL,"produto","2025-01-06 07:54:17","2025-01-06 07:54:17"
"444","Material - Abridor de Vinho",NULL,"0.00","0.00","1","1","16",NULL,NULL,NULL,"UN","1","1",NULL,"produto","2025-01-06 07:54:32","2025-01-06 07:54:32"
"445","Material - Extrator de Grampo",NULL,"0.00","0.00","1","1","16",NULL,NULL,NULL,"UN","1","1",NULL,"produto","2025-01-06 07:54:51","2025-01-06 07:54:51"
"446","Material - Reguá",NULL,"0.00","0.00","1","1","16",NULL,NULL,NULL,"UN","1","1",NULL,"produto","2025-01-06 07:55:06","2025-01-06 07:55:06"
"447","Material - Isqueiro",NULL,"0.00","0.00","1","1","16",NULL,NULL,NULL,"UN","1","1",NULL,"produto","2025-01-06 07:55:22","2025-01-06 07:55:22"
"448","Material - Corretivo",NULL,"0.00","0.00","1","1","16",NULL,NULL,NULL,"UN","1","1",NULL,"produto","2025-01-06 07:55:38","2025-01-06 07:55:38"
"449","Material - Lápis",NULL,"0.00","0.00","1","1","16",NULL,NULL,NULL,"UN","1","1",NULL,"produto","2025-01-06 07:55:53","2025-01-06 07:55:53"
"450","Material - Estilete",NULL,"0.00","0.00","1","1","16",NULL,NULL,NULL,"UN","1","1",NULL,"produto","2025-01-06 07:56:12","2025-01-06 07:56:12"
"451","Material - Piloto",NULL,"0.00","0.00","1","1","16",NULL,NULL,NULL,"UN","1","1",NULL,"produto","2025-01-06 07:56:29","2025-01-06 07:56:29"
"452","Material - Furador",NULL,"0.00","0.00","1","1","16",NULL,NULL,NULL,"UN","1","1",NULL,"produto","2025-01-06 07:56:43","2025-01-06 07:56:43"
"453","Material - Grampeador",NULL,"0.00","0.00","1","1","16",NULL,NULL,NULL,"UN","1","1",NULL,"produto","2025-01-06 07:56:57","2025-01-06 07:56:57"
"454","ENXOVAL - COlCHA",NULL,"0.00","0.00","1","1","16",NULL,NULL,NULL,"UN","1","1",NULL,"produto","2025-01-06 07:58:42","2025-01-06 07:58:42"
"455","ENXOVAL - TOALHA DE CHÃO",NULL,"0.00","0.00","0","4","16",NULL,NULL,NULL,"UN","1","1",NULL,"produto","2025-01-06 07:59:00","2025-01-06 07:59:00"
"456","ENXOVAL - TOALHA/ROSTO",NULL,"0.00","0.00","2","2","16",NULL,NULL,NULL,"UN","1","1",NULL,"produto","2025-01-06 07:59:12","2025-01-06 07:59:12"
"457","ENXOVAL - TOALHA",NULL,"0.00","0.00","4","4","16",NULL,NULL,NULL,"UN","1","1",NULL,"produto","2025-01-06 07:59:27","2025-01-06 07:59:27"
"458","ENXOVAL - FRONHA",NULL,"0.00","0.00","2","2","16",NULL,NULL,NULL,"UN","1","1",NULL,"produto","2025-01-06 07:59:45","2025-01-06 07:59:45"
"459","ENXOVAL - L/SOLTEIRO",NULL,"0.00","0.00","2","2","16",NULL,NULL,NULL,"UN","1","1",NULL,"produto","2025-01-06 07:59:59","2025-01-06 07:59:59"
"460","ENXOVAL - L/CASAL",NULL,"0.00","0.00","2","2","16",NULL,NULL,NULL,"UN","1","1",NULL,"produto","2025-01-06 08:00:18","2025-01-06 08:00:18"
"461","JOGOS -  Xadrez (32 peças)",NULL,"0.00","0.00","1","1","16",NULL,NULL,"2","UN","1","1",NULL,"produto","2025-01-06 08:10:01","2025-01-06 08:10:01"
"462","JOGOS -  Dama (24 peças)",NULL,"0.00","0.00","1","1","16",NULL,NULL,"2","UN","1","1",NULL,"produto","2025-01-06 08:10:16","2025-01-06 08:10:16"
"463","JOGOS -  Raquete Frecobol PAR",NULL,"0.00","0.00","1","1","16",NULL,NULL,"2","UN","1","1",NULL,"produto","2025-01-06 08:10:37","2025-01-06 08:10:37"
"464","JOGOS - Raquete Ping-Pong PAR",NULL,"0.00","0.00","1","1","16",NULL,NULL,"2","UN","1","1",NULL,"produto","2025-01-06 08:10:52","2025-01-06 08:10:52"
"465","JOGOS -  Baralho (52 cartas)",NULL,"0.00","0.00","1","2","16",NULL,NULL,"2","UN","1","1",NULL,"produto","2025-01-06 08:11:18","2025-01-06 08:11:18"
"466","JOGOS - Dominó (28 peças)",NULL,"0.00","0.00","1","2","16",NULL,NULL,"2","UN","1","1",NULL,"produto","2025-01-06 08:11:49","2025-01-06 08:11:49"
"467","JOGOS - Rede de Ping-Pong",NULL,"0.00","0.00","1","1","16",NULL,NULL,"2","UN","1","1",NULL,"produto","2025-01-06 08:12:44","2025-01-06 08:12:44"
"468","JOGOS -  Rede de Vôlei",NULL,"0.00","0.00","1","1","16",NULL,NULL,"2","UN","1","1",NULL,"produto","2025-01-06 08:13:01","2025-01-06 08:13:01"
"469","JOGOS - Bomba de Ar",NULL,"0.00","0.00","1","1","16",NULL,NULL,"2","UN","1","1",NULL,"produto","2025-01-06 08:13:13","2025-01-06 08:13:13"
"470","JOGOS -  Bola de Fescobol",NULL,"0.00","0.00","1","1","16",NULL,NULL,"2","UN","1","1",NULL,"produto","2025-01-06 08:13:28","2025-01-06 08:13:28"
"471","JOGOS -  Bola de Ping-Pong",NULL,"0.00","0.00","3","3","16",NULL,NULL,"2","UN","1","1",NULL,"produto","2025-01-06 08:13:49","2025-01-06 08:13:49"
"472","JOGOS -  Bola de Totó",NULL,"0.00","0.00","1","1","16",NULL,NULL,"2","UN","1","1",NULL,"produto","2025-01-06 08:14:03","2025-01-06 08:14:03"
"473","JOGOS -  Bola de Speedbol (Local)",NULL,"0.00","0.00","1","1","16",NULL,NULL,"2","UN","1","1",NULL,"produto","2025-01-06 08:14:18","2025-01-06 08:14:18"
"474","JOGOS -  Bola de Vôlei",NULL,"0.00","0.00","1","1","16",NULL,NULL,"2","UN","1","1",NULL,"produto","2025-01-06 08:14:31","2025-01-06 08:14:31"
"475","JOGOS - Bola de Futebol",NULL,"0.00","0.00","0","2","16",NULL,NULL,"2","UN","1","1",NULL,"produto","2025-01-06 08:15:05","2025-01-06 08:15:05"
"476","Feijão",NULL,"0.01","9.00","0","200","2",NULL,NULL,NULL,"UN","1","1",NULL,"produto","2026-03-07 13:33:00","2026-03-07 13:33:00"
"477","Água Mineral",NULL,"1.00","5.00","0","500","1",NULL,"134",NULL,"UN","1","1",NULL,"produto","2026-03-07 14:18:49","2026-03-07 14:18:49"
"478","Água c/ Gás",NULL,"2.00","7.00","0","500","1",NULL,"135",NULL,"UN","1","1",NULL,"produto","2026-03-07 14:19:47","2026-03-07 14:19:47"
"479","Cerveja Amstel",NULL,"3.00","10.00","0","500","9",NULL,"16","1","UN","1","1",NULL,"produto","2026-03-07 14:21:58","2026-03-07 16:05:31"
"480","Cerveja Brahma",NULL,"4.00","11.00","0","500","9",NULL,"40",NULL,"UN","1","1",NULL,"produto","2026-03-07 14:23:10","2026-03-07 16:05:18"
"481","Cerveja Budweiser",NULL,"4.00","11.00","0","500","9",NULL,"41","1","UN","1","1",NULL,"produto","2026-03-07 14:24:30","2026-03-07 16:05:06"
"482","Cerveja Heineken",NULL,"4.50","12.00","0","500","9",NULL,"42","1","UN","1","1",NULL,"produto","2026-03-07 14:25:32","2026-03-07 16:04:43"
"483","Cerveja Petra",NULL,"2.80","7.00","0","500","9",NULL,"89","1","UN","1","1",NULL,"produto","2026-03-07 14:26:15","2026-03-07 16:04:29"
"484","Cerveja Zero",NULL,"4.00","12.00","0","500","1",NULL,"120","1","UN","1","1",NULL,"produto","2026-03-07 14:27:21","2026-03-07 14:28:02"
"485","Coco Verde",NULL,"4.00","7.00","0","500","1",NULL,"46","1","UN","1","1",NULL,"produto","2026-03-07 14:30:27","2026-03-07 14:30:27"
"486","Dose Pitú",NULL,"4.00","6.00","0","500","8",NULL,"68","1","DS","1","1",NULL,"produto","2026-03-07 14:31:50","2026-03-07 16:02:46"
"487","Dose Vodka",NULL,"6.00","9.00","0","500","8",NULL,"69","1","DS","1","1",NULL,"produto","2026-03-07 14:32:49","2026-03-07 16:02:29"
"488","Dose Whisky Black White",NULL,"7.00","9.00","0","500","8",NULL,"67","1","DS","1","1",NULL,"produto","2026-03-07 14:35:36","2026-03-07 16:02:19"
"489","Dose Whisky Johnnie Red",NULL,"4.50","12.00","0","500","8",NULL,"1010","1","DS","1","1",NULL,"produto","2026-03-07 14:37:05","2026-03-07 16:02:09"
"490","Dose Whisky Old Par",NULL,"0.00","18.00","0","500","8",NULL,"115","1","DS","1","1",NULL,"produto","2026-03-07 14:38:19","2026-03-07 16:01:54"
"491","Energético",NULL,"8.00","14.00","0","100","1",NULL,"70","1","UN","1","1",NULL,"produto","2026-03-07 14:39:36","2026-03-07 14:39:36"
"492","H2O",NULL,"3.00","8.00","0","500","1",NULL,"77","1","UN","1","1",NULL,"produto","2026-03-07 14:40:13","2026-03-07 14:40:13"
"493","H2O Limoneto",NULL,"3.00","8.00","0","500","1",NULL,"119","1","UN","1","1",NULL,"produto","2026-03-07 14:41:37","2026-03-07 14:41:37"
"494","Ice Smirnoff",NULL,"8.00","13.00","0","500","8",NULL,"78","1","UN","1","1",NULL,"produto","2026-03-07 14:43:05","2026-03-07 16:01:38"
"495","Refrigerante Coca Cola",NULL,"3.30","8.00","0","500","1",NULL,"91",NULL,"UN","1","1",NULL,"produto","2026-03-07 14:44:00","2026-03-07 14:44:00"
"496","Refrigerante Coca Cola Zero",NULL,"3.40","8.00","0","500","1",NULL,"133","1","UN","1","1",NULL,"produto","2026-03-07 14:44:56","2026-03-07 14:44:56"
"497","Refrigerante Fanta",NULL,"2.50","8.00","0","500","1",NULL,"92","1","UN","1","1",NULL,"produto","2026-03-07 14:45:38","2026-03-07 14:45:38"
"498","Refrigerante Guaraná",NULL,"2.00","8.00","0","500","1",NULL,"93","1","UN","1","1",NULL,"produto","2026-03-07 14:46:37","2026-03-07 14:46:37"
"499","Refrigerante Guaraná Zero",NULL,"3.30","8.00","0","500","1",NULL,"1065","1","UN","1","1",NULL,"produto","2026-03-07 14:47:29","2026-03-07 14:47:29"
"500","Refrigerante Soda",NULL,"2.50","8.00","0","500","1",NULL,"95","1","UN","1","1",NULL,"produto","2026-03-07 14:48:27","2026-03-07 14:48:27"
"502","Aurora Cítrica",NULL,"0.00","22.90","0","500","7",NULL,"1097","1","UN","1","1",NULL,"produto","2026-03-07 18:25:03","2026-03-07 18:25:03"
"503","Caipifruta - Fruta Kiwi",NULL,"0.00","13.00","0","10","7",NULL,"575","1","UN","1","1",NULL,"produto","2026-03-07 18:28:47","2026-03-07 18:29:13"
"504","Caipifrutas - Fruta Morango",NULL,"0.00","15.00","0","10","7",NULL,"574","1","UN","1","1",NULL,"produto","2026-03-07 18:31:20","2026-03-07 18:31:20"
"505","Caipifruta - Acerola",NULL,"0.00","12.00","0","500","7",NULL,"213","1","UN","1","1",NULL,"produto","2026-03-07 18:36:55","2026-03-07 18:36:55"
"506","Caipifruta - Cajú",NULL,"0.00","12.00","0","500","7",NULL,"224","1","UN","1","1",NULL,"produto","2026-03-07 18:39:21","2026-03-07 18:39:40"
"507","Caipifruta - Cajá",NULL,"0.00","12.00","0","500","7",NULL,"28","1","UN","1","1",NULL,"produto","2026-03-07 18:40:39","2026-03-07 18:40:39"
"508","Caipifruta - Graviola",NULL,"0.00","12.00","0","500","7",NULL,"212","1","UN","1","1",NULL,"produto","2026-03-07 18:41:42","2026-03-07 18:41:42"
"509","Caipifruta - Maracujá",NULL,"0.00","14.00","0","500","7",NULL,"30","1","UN","1","1",NULL,"produto","2026-03-07 18:42:33","2026-03-07 18:42:33"
"510","Caipifruta - Morango",NULL,"0.00","14.00","0","500","7",NULL,"31","1","UN","1","1",NULL,"produto","2026-03-07 18:44:09","2026-03-07 18:44:09"
"511","Caipifruta - Goiaba",NULL,"0.00","12.00","0","500","7",NULL,"247","1","UN","1","1",NULL,"produto","2026-03-07 18:50:07","2026-03-07 18:50:07"
"512","Caipiroska Clone",NULL,"0.00","10.00","0","500","7",NULL,"1051","1","DS","1","1",NULL,"produto","2026-03-07 19:07:12","2026-03-07 19:07:12"
