Código,Produto,Categoria,Valor
299,* Acúcar - Kg,DISPENSA,"R$4,00"
303,* Arroz,DISPENSA,"R$6,00"
311,* Café,DISPENSA,"R$15,99"
319,* F. Mandioca,DISPENSA,"R$4,70"
320,* F. Trigo c/ ferm,DISPENSA,"R$5,35"
321,* F. Trigo s/ ferm,DISPENSA,"R$5,00"
894,* Farinha de rosca 500g,DISPENSA,"R$6,00"
1062,* Farinha panko 500g,DISPENSA,"R$6,00"
323,* Feijão Carioca,DISPENSA,"R$9,00"
324,* Feijão Preto,DISPENSA,"R$10,00"
322,* Feijão de corda,DISPENSA,"R$8,00"
325,* Flocão,DISPENSA,"R$1,90"
334,* Macarrão - 500g,DISPENSA,"R$2,90"
346,* Sal - kg,DISPENSA,"R$1,00"
300,- Adoçante,DISPENSA,"R$4,00"
306,- Azeite - garrafa,DISPENSA,"R$21,00"
1040,- Azeitona balde,DISPENSA,"R$50,00"
117,- BATATA CHEDDAR,Alimentos,"R$19,00"
47,- COSTELA AO BARBECUE,Alimentos,"R$42,00"
35,- Calabresa Com Macaxeira,Alimentos,"R$28,00"
34,- Calabresa com fritas,Alimentos,"R$28,00"
38,- Carne de sol c/ fritas,Alimentos,"R$45,00"
39,- Carne de sol c/ macaxeira,Alimentos,"R$45,00"
312,- Catchup,DISPENSA,"R$6,00"
50,- Cupim a brejeira,Alimentos,"R$50,00"
318,- Extrato Tomate - 340g,DISPENSA,"R$3,00"
329,- M. Barbucue-500ml,DISPENSA,"R$7,00"
331,- M. Inglês - 1lt,DISPENSA,"R$10,00"
337,- M. Mostarda - 500ml,DISPENSA,"R$10,00"
333,- M. Shoyo - 1lt,DISPENSA,"R$6,50"
335,- Maionese - kg,DISPENSA,"R$12,00"
340,- Oleo - garrafa,DISPENSA,"R$11,00"
349,- Vinagre - 500ml,DISPENSA,"R$1,70"
610,- Vinho carreteiro 1lt,DISPENSA,"R$10,00"
1041,/Lac. Achocolatadinho,DISPENSA,"R$1,90"
369,/Lac. Achocolatado,DISPENSA,"R$4,90"
370,/Lac. Creme de Leite,DISPENSA,"R$2,00"
371,/Lac. Leite Condensado,DISPENSA,"R$5,80"
372,/Lac. Leite de Caixa,DISPENSA,"R$5,20"
327,/Lac. Leite em pó,DISPENSA,"R$6,40"
1067,2- AMSTEL PROMO,ZCOMBOS,"R$18,99"
997,2T óleo 20ml,MAQUINARIO,"R$1,60"
1066,3- AMSTEL PROMO,ZCOMBOS,"R$24,99"
1020,4T óleo 1L,MAQUINARIO,"R$40,00"
1049,AA Molheira,Utensilios Cozinha,"R$5,00"
926,AA Prato Almoço (12unid),Utensilios Cozinha,"R$120,00"
927,AA Prato Sobremesa (12unid),Utensilios Cozinha,"R$72,00"
618,AA Taça Paulista (24unid),Utensilios Cozinha,"R$120,00"
1048,AA Taça vinho,Utensilios Cozinha,"R$15,00"
783,ACHOCOLATADO,XCafé da Manhã,"R$0,00"
1074,ADEGA - Vinho Botticelli frisante branco 750ml,XJANTAR,"R$40,00"
147,ADEGA - Vinho Cosecha Cabernet,RECEPÇÃO,"R$50,00"
884,ADEGA - Vinho Cosecha Cabernet bar,XJANTAR,"R$50,00"
112,ADEGA - Vinho Cosecha Carmenere,RECEPÇÃO,"R$50,00"
889,ADEGA - Vinho Cosecha Carmenere bar,XJANTAR,"R$50,00"
146,ADEGA - Vinho Leon Tarapacá Cabernet,RECEPÇÃO,"R$70,00"
885,ADEGA - Vinho Leon Tarapacá Cabernet bar,XJANTAR,"R$70,00"
113,ADEGA - Vinho Leon Tarapacá Carmenere,RECEPÇÃO,"R$70,00"
888,ADEGA - Vinho Leon Tarapacá Carmenere bar,XJANTAR,"R$70,00"
145,ADEGA - Vinho Pérgola Branco,RECEPÇÃO,"R$40,00"
886,ADEGA - Vinho Pérgola Branco bar,XJANTAR,"R$40,00"
114,ADEGA - Vinho Pérgola Tinto,RECEPÇÃO,"R$40,00"
887,ADEGA - Vinho Pérgola Tinto,XJANTAR,"R$40,00"
251,ADEGA - Vinho Tarapacá Blanc,RECEPÇÃO,"R$70,00"
883,ADEGA - Vinho Tarapacá Blanc bar,XJANTAR,"R$70,00"
1075,ADEGA - Vinho botticelli branco 750ml,RECEPÇÃO,"R$45,00"
1090,ADEGA - Vinho botticelli cabernet suave 750ml,RECEPÇÃO,"R$55,00"
1089,ADEGA - Vinho botticelli chenin blanc 750ml,RECEPÇÃO,"R$55,00"
1076,ADEGA - Vinho botticelli rose 750ml,RECEPÇÃO,"R$45,00"
1091,ADEGA - Vinho botticelli tannat 750ml,RECEPÇÃO,"R$55,00"
1092,ADEGA -Vinho botticelli chenin blanc bar 750ml,XJANTAR,"R$55,00"
1086,ADEGA -Vinho botticelli branco bar 750ml,XJANTAR,"R$45,00"
1093,ADEGA -Vinho botticelli cabernet suave bar 750ml,XJANTAR,"R$55,00"
1087,ADEGA -Vinho botticelli rose bar 750ml,XJANTAR,"R$45,00"
1094,ADEGA -Vinho botticelli tannat bar 750ml,XJANTAR,"R$55,00"
293,ALMOÇO ADULTO,Hospedagem,"R$50,00"
294,ALMOÇO CRIANÇA,Hospedagem,"R$25,00"
1068,AMSTEL + CALD. FEIJÃ0,ZCOMBOS,"R$19,99"
1059,ARRUMADINHO CARNE DE SOL,Alimentos,"R$49,00"
1060,ARRUMADINHO CHARQUE,Alimentos,"R$49,00"
143,ASINHA/COXINHA DE FRANGO,Alimentos,"R$30,00"
607,AUTOMOTIVO (BRANCO) 1/4,PINTURA,"R$60,00"
1025,AUTOMOTIVO (ENDURECEDOR),PINTURA,"R$26,84"
628,Abridor coco,Utensilios Cozinha,"R$15,00"
537,Abridor vinho,Utensilios Cozinha,"R$13,00"
368,Achocolatadinho,BETANIA,"R$1,00"
465,Acido - 5L,PISCINA,"R$37,50"
134,Agua Mineral,Bebidas não Alcoólicas,"R$5,00"
218,Agua Mineral - APT,Hospedagem,"R$5,00"
135,Agua c/ Gás,Bebidas não Alcoólicas,"R$7,00"
479,Alcool Acendedor 5L,LIMPEZA,"R$55,00"
656,Alcool Combustível 500ml,LIMPEZA,"R$13,90"
480,Alcool líquido 70°-lt,LIMPEZA,"R$5,40"
466,Algicida choque,PISCINA,"R$36,60"
467,Algicida manutenção,PISCINA,"R$21,66"
629,Alho 200g,FREEZER,"R$5,00"
301,Alho triturado,DISPENSA,"R$10,00"
684,Alvejante,LIMPEZA,"R$10,00"
481,Amaciante 3L,LIMPEZA,"R$60,00"
302,Amido milho - 200g,DISPENSA,"R$4,00"
139,Amorito - Moreninha,P/ AMORITOS,"R$6,00"
140,Amorito - Sundae Chocolate,P/ AMORITOS,"R$9,00"
176,Amorito - Sundae Chocolate - RECEPÇÃO,RECEPÇÃO,"R$9,00"
141,Amorito -Sundae Morango,P/ AMORITOS,"R$9,00"
177,Amorito -Sundae Morango - RECEPÇÃO,RECEPÇÃO,"R$9,00"
25,Amorito Brigadeiro,P/ AMORITOS,"R$8,00"
9,Amorito Copinho - Sortidos,P/ AMORITOS,"R$7,00"
164,Amorito Copinho - Sortidos - RECEPÇÃO,RECEPÇÃO,"R$7,00"
668,Amorito Cremoso Amendoim - RECEPÇÃO,RECEPÇÃO,"R$6,00"
669,Amorito Cremoso Chocolate - RECEPÇÃO,RECEPÇÃO,"R$6,00"
693,Amorito Cremoso Flocos - RECEPÇÃO,RECEPÇÃO,"R$6,00"
667,Amorito Cremoso Milho Verde- RECEPÇÃO,RECEPÇÃO,"R$6,00"
165,Amorito Cremoso Morango - RECEPÇÃO,RECEPÇÃO,"R$6,00"
132,Amorito Cremosos - Chocolate,P/ AMORITOS,"R$6,00"
175,Amorito Cremosos - Chocolate - RECEPÇÃO,RECEPÇÃO,"R$6,00"
10,Amorito Cremosos - Morango,P/ AMORITOS,"R$6,00"
256,Amorito Frutas - Coco,P/ AMORITOS,"R$7,00"
166,Amorito Frutas - Coco - RECEPÇÃO,RECEPÇÃO,"R$7,00"
131,Amorito Frutas - Graviola,P/ AMORITOS,"R$6,00"
692,Amorito Frutas Cajá - RECEPÇÃO,RECEPÇÃO,"R$6,00"
289,Amorito Frutas Coco - RECEPÇÃO,RECEPÇÃO,"R$6,00"
174,Amorito Frutas Graviola - RECEPÇÃO,RECEPÇÃO,"R$6,00"
172,Amorito Gourmet Paçoca - RECEPÇÃO,RECEPÇÃO,"R$7,50"
670,Amorito Gourmet Torta Alemã - RECEPÇÃO,RECEPÇÃO,"R$7,50"
12,Amorito Kids - Uva,P/ AMORITOS,"R$4,00"
167,Amorito Kids - Uva - RECEPÇÃO,RECEPÇÃO,"R$4,00"
87,Amorito Paçoca,P/ AMORITOS,"R$6,00"
13,Amorito Premium - Ninho Trufado,P/ AMORITOS,"R$8,00"
171,Amorito Premium Brigadeiro - RECEPÇÃO,RECEPÇÃO,"R$9,00"
671,Amorito Premium Chocorito - RECEPÇÃO,RECEPÇÃO,"R$9,00"
703,Amorito Premium Crocante - RECEPÇÃO,RECEPÇÃO,"R$9,00"
168,Amorito Premium Ninho Trufado - RECEPÇÃO,RECEPÇÃO,"R$9,00"
14,Amorito Trufado - Cupuaçu,P/ AMORITOS,"R$6,00"
170,Amorito Trufado Açaí - RECEPÇÃO,RECEPÇÃO,"R$7,50"
169,Amorito Trufado Cupuaçu - RECEPÇÃO,RECEPÇÃO,"R$7,50"
15,Amorito Trufados - Açaí,P/ AMORITOS,"R$6,00"
750,Amorito Zero Cookies - RECEPÇÃO,RECEPÇÃO,"R$7,00"
699,Amorito Zero Morango - RECEPÇÃO,RECEPÇÃO,"R$7,00"
483,Aromatizante Bom ar,LIMPEZA,"R$13,00"
482,Aromatizante Coala,LIMPEZA,"R$8,00"
17,Arroz,ACOMPANHAMENTOS,"R$9,00"
304,Arroz emoções,DISPENSA,"R$7,00"
1097,Aurora Citrica,DRINKS,"R$22,90"
305,Aveia - 200g,DISPENSA,"R$3,80"
1006,Avental,Utensilios Cozinha,"R$10,00"
307,Azeitona,GELADEIRA,"R$5,00"
308,B. Cream Cracker,DISPENSA,"R$4,20"
309,B. Maisena,DISPENSA,"R$4,50"
310,B. Wafer,DISPENSA,"R$1,30"
19,BALDE DE GELO,DIVERSOS,"R$7,00"
20,BALDE DE ITAIPAVA 7 UNID.,GELO,"R$6,00"
951,BALÃO PLASTICO P,DECORAÇÃO,"R$0,00"
950,BALÃO PLASTICO PP,DECORAÇÃO,"R$0,00"
968,BALÃO TECIDO G,DECORAÇÃO,"R$0,00"
967,BALÃO TECIDO GG,DECORAÇÃO,"R$0,00"
961,BALÃO TECIDO M,DECORAÇÃO,"R$0,00"
969,BALÃO TECIDO MEIO GG,DECORAÇÃO,"R$0,00"
959,BAMBOLE,DECORAÇÃO,"R$0,00"
958,BANDEIRINHA PLASTICO NOVO,DECORAÇÃO,"R$0,00"
966,BANDEJA SACHE,DECORAÇÃO,"R$0,00"
21,BATATA FRITA,Alimentos,"R$17,00"
880,BATATA FRITA,XJANTAR,"R$17,00"
852,BATATA FRITA 200G,FONDUE PRODUTOS,"R$0,00"
893,BATATA FRITAx,xExecutivo,"R$17,00"
970,BOLAIO/LUMINARIA,DECORAÇÃO,"R$0,00"
919,BOLINHO DE CHARQUE,Alimentos,"R$13,00"
23,BOLINHO DE QUEIJO,Alimentos,"R$12,00"
901,BOLINHO DE QUEIJOx,xExecutivo,"R$12,00"
791,BOLO,XCafé da Manhã,"R$0,00"
792,BOLO BANANA,XCafé da Manhã,"R$0,00"
568,BOLO DE MACAXEIRA,Alimentos,"R$5,00"
567,BOLO DE MILHO,Alimentos,"R$5,00"
121,BOLO DE POTE,Sobremesas,"R$10,00"
957,BONECO DE MESA,DECORAÇÃO,"R$0,00"
122,BROWNIE RECHEADO,Sobremesas,"R$10,00"
124,BROWNIE TRADICIONAL,Sobremesas,"R$6,00"
822,Banana Frita,XCafé da Manhã,"R$0,00"
821,Banana da Terra,XCafé da Manhã,"R$0,00"
925,Bandeja de Ovos,Utensilios Cozinha,"R$5,00"
400,Baralho (par),JOGOS,"R$10,00"
758,Batata doce,XCafé da Manhã,"R$0,00"
215,Bilhetagem,1,"R$0,00"
350,Bisnaga Chedar,GELADEIRA,"R$20,00"
1015,Bisnaga Creeam Cheese,GELADEIRA,"R$17,00"
351,Bisnaga Requeijão,GELADEIRA,"R$17,00"
379,"Bisteca 1,100Kg",FREEZER,"R$15,00"
538,Bobina impressora,Material de escritorio,"R$4,00"
663,Bola de Futebol,JOGOS,"R$100,00"
664,Bola de Vôlei,JOGOS,"R$153,00"
402,Bola ping pong,JOGOS,"R$2,00"
403,Bola toto,JOGOS,"R$5,00"
406,Boneco totó (22),JOGOS,"R$60,00"
518,Borr panela 7lt,Utensilios Cozinha,"R$5,00"
430,Borrifador,EQUIPAMENTO,"R$8,00"
987,Borrifador Veneno,MAQUINARIO,"R$0,00"
992,Broca Fura Buraco,MAQUINARIO,"R$0,00"
814,Brusqueta,XCafé da Manhã,"R$0,00"
804,CAFÉ COM AÇUCAR,XCafé da Manhã,"R$0,00"
805,CAFÉ SEM AÇUCAR,XCafé da Manhã,"R$0,00"
575,CAIPIFRUTA - FRUTA KIWI,DRINKS,"R$13,00"
574,CAIPIFRUTA - FRUTA MORANGO,DRINKS,"R$15,00"
213,CAIPIFRUTA ACEROLA,DRINKS,"R$12,00"
224,CAIPIFRUTA CAJU,DRINKS,"R$12,00"
28,CAIPIFRUTA CAJÁ,DRINKS,"R$12,00"
212,CAIPIFRUTA GRAVIOLA,DRINKS,"R$12,00"
30,CAIPIFRUTA MARACUJÁ,DRINKS,"R$14,00"
31,CAIPIFRUTA MORANGO,DRINKS,"R$14,00"
247,CAIPIFRUTA goiaba,DRINKS,"R$12,00"
32,CAIPIRINHA,DRINKS,"R$10,00"
1050,CAIPIRINHA CLONE,DRINKS,"R$12,00"
33,CAIPIROSKA,DRINKS,"R$12,00"
1051,CAIPIROSKA CLONE,DRINKS,"R$10,00"
965,CAMISA,DECORAÇÃO,"R$0,00"
565,CANJICA,Alimentos,"R$8,00"
866,CARNE/FONDUE 150G,FONDUE PRODUTOS,"R$0,00"
851,CARNE/FONDUE 300G,FONDUE PRODUTOS,"R$0,00"
868,CARNE/FONDUE 80G,FONDUE PRODUTOS,"R$0,00"
16,CERVEJA - AMSTEL,Bebidas Alcoólicas,"R$10,00"
40,CERVEJA - BRAHMA CHOPP,Bebidas Alcoólicas,"R$11,00"
41,CERVEJA - BUDWEISER 350ML,Bebidas Alcoólicas,"R$11,00"
42,CERVEJA - HEINEKEN,Bebidas Alcoólicas,"R$12,00"
89,CERVEJA - PETRA,Bebidas Alcoólicas,"R$7,00"
120,"CERVEJA - ZERO 0,0%",Bebidas não Alcoólicas,"R$12,00"
1071,CERVEJA HEINEKEN - MANUS,Bebidas Alcoólicas,"R$0,00"
850,CESTA PÃO,FONDUE PRODUTOS,"R$0,00"
947,CHAPEU FRANJA,DECORAÇÃO,"R$0,00"
949,CHAPEU MENOR,DECORAÇÃO,"R$0,00"
948,CHAPEU TRADICIONAL,DECORAÇÃO,"R$0,00"
999,CHOCOLATE/FONDUE 145G,FONDUE PRODUTOS,"R$0,00"
860,CHOCOLATE/FONDUE 290G,FONDUE PRODUTOS,"R$0,00"
1000,CHOCOLATE/FONDUE 70G,FONDUE PRODUTOS,"R$0,00"
710,COCA-COLA FUNCIONARIO,RECEPÇÃO,"R$7,00"
288,COCO PREÇO DE CUSTO,FUNCIONARIO,"R$4,00"
46,COCO VERDE,Bebidas não Alcoólicas,"R$7,00"
608,COLA 1/4,PINTURA,"R$35,00"
1024,COLA BRANCA,PINTURA,"R$35,00"
1073,COMBO HEINEKEN+CROQUETE - MANUS,zzcombos,"R$0,00"
892,COMPOSIÇÃO BAR E RECEPÇÃO,Hospedagem,"R$0,00"
960,CORTINA DUPLA,DECORAÇÃO,"R$0,00"
899,COXINHAx,xExecutivo,"R$13,00"
713,CROQUETE COSTELA,Alimentos,"R$25,00"
572,CROQUETE COSTELA,Alimentos,"R$0,00"
1072,CROQUETE COSTELA - MANUS,Alimentos,"R$0,00"
118,CROQUETE CUPIM,Alimentos,"R$25,00"
1085,Cabide,EQUIPAMENTO,"R$1,10"
408,Cadeado 25cm,Material de escritorio,"R$80,00"
409,Cadeado 30cm,Material de escritorio,"R$10,00"
810,Calabresa a cebolada,XCafé da Manhã,"R$0,00"
911,Caldinho Charque,Alimentos,"R$12,00"
910,Caldinho Verde,Alimentos,"R$12,00"
129,Caldinho de Feijão,Alimentos,"R$12,00"
36,Caldinho de Peixe,Alimentos,"R$12,00"
837,Caldinho de camarão,Alimentos,"R$12,00"
37,Camarão alho e óleo,Alimentos,"R$42,00"
1039,Canela,DISPENSA,"R$4,50"
539,Caneta Bic,Material de escritorio,"R$1,50"
666,Caneta Piloto,Material de escritorio,"R$2,00"
436,Canudo Drink - 100,DESCARTAVEL,"R$7,00"
437,Canudo Suco - 100,DESCARTAVEL,"R$7,00"
377,Caprino (400g),ANIMAIS,"R$1,56"
811,Carme a cebolada,XCafé da Manhã,"R$0,00"
1013,Carne - Bisteca,FREEZER,"R$14,00"
778,Carne Chapa,xExecutivo,"R$41,90"
382,"Carne cupim bola 3,5kg",FREEZER,"R$115,00"
380,Carne isca kg,FREEZER,"R$30,00"
626,Carne língua,FREEZER,"R$10,00"
744,Carne moida 500g,FREEZER,"R$15,00"
676,Carne para feijão - 200g,FREEZER,"R$6,00"
381,Carne picada kg,FREEZER,"R$30,00"
808,Carne quisada,XCafé da Manhã,"R$0,00"
777,Carne Á Parmegiana,xExecutivo,"R$41,90"
988,Carrinho de Grama,MAQUINARIO,"R$0,00"
540,Cartão Fidel-50,Material de escritorio,"R$12,00"
219,Cerveja Amstel - APT,Hospedagem,"R$10,00"
1079,Cerveja Brahma - APT,Hospedagem,"R$11,00"
220,Cerveja Heineken - APT,Hospedagem,"R$12,00"
43,Cerveja Itaipava,Bebidas Alcoólicas,"R$9,00"
1070,Charque 300g,FREEZER,"R$15,00"
561,Charque 500g,FREEZER,"R$15,00"
825,Cheddar,XCafé da Manhã,"R$0,00"
726,Chá Boldo,DISPENSA,"R$4,50"
313,Chá Camomila,DISPENSA,"R$4,50"
727,Chá Cidreira,DISPENSA,"R$4,50"
728,Chá Erva Doce,DISPENSA,"R$4,50"
981,Chá Hortelã,DISPENSA,"R$4,50"
477,Cl. pó - Dicloro,PISCINA,"R$330,00"
478,Cl. pó - Hipoclorito,PISCINA,"R$300,00"
469,Clarificante - lt,PISCINA,"R$16,50"
731,Clipes (100),DESCARTAVEL,"R$2,20"
694,Clipes Drinks,EXTRAS,"R$0,00"
470,Cloro Pastilha (4),PISCINA,"R$12,00"
519,Coador,Utensilios Cozinha,"R$5,00"
760,Coalho assado,XCafé da Manhã,"R$0,00"
701,Coffe Break,Hospedagem,"R$25,00"
1021,Colher de pau,Utensilios Cozinha,"R$5,00"
314,Conf- Coco ralado,DISPENSA,"R$1,50"
316,Conf- Marshmallow,DISPENSA,"R$12,50"
317,Conf- Paçoca,DISPENSA,"R$1,00"
541,Controle Ar,Material de escritorio,"R$25,00"
542,Controle TV,GAVETEIRO,"R$15,00"
438,Copo Acr drink 300ml,DESCARTAVEL,"R$0,60"
439,Copo Acr whisky 300ml,DESCARTAVEL,"R$3,80"
695,Copo DRINK,EXTRAS,"R$0,00"
440,Copo Desc. 050ml,DESCARTAVEL,"R$2,50"
441,Copo Desc. 080ml,DESCARTAVEL,"R$2,50"
442,Copo Desc. 150ml,DESCARTAVEL,"R$5,00"
443,Copo Desc. 180ml,DESCARTAVEL,"R$5,00"
444,Copo Desc. 330ml,DESCARTAVEL,"R$8,00"
445,Copo Desc. 400ml,DESCARTAVEL,"R$7,00"
696,Copo WHISKY,EXTRAS,"R$0,00"
521,Coqueteleira,Utensilios Cozinha,"R$105,00"
48,Coxinha,Alimentos,"R$13,00"
756,Cuszuz,XCafé da Manhã,"R$0,00"
130,D.Diego Clássico - Chococo,P/ DON DIEGO,"R$9,00"
192,D.Diego Clássico - Chococo - RECEPÇÃO,RECEPÇÃO,"R$7,00"
52,D.Diego Clássico - Chocrocante,P/ DON DIEGO,"R$9,00"
179,D.Diego Clássico - Chocrocante - RECEPÇÃO,RECEPÇÃO,"R$7,00"
53,D.Diego Clássico - Crocante,P/ DON DIEGO,"R$9,00"
180,D.Diego Clássico - Crocante - RECEPÇÃO,RECEPÇÃO,"R$7,00"
54,D.Diego Clássico- Tableta,P/ DON DIEGO,"R$10,00"
181,D.Diego Clássico- Tableta - RECEPÇÃO,RECEPÇÃO,"R$7,00"
55,D.Diego Crema - Chocomalte,P/ DON DIEGO,"R$8,00"
182,D.Diego Crema - Chocomalte - RECEPÇÃO,RECEPÇÃO,"R$6,00"
56,D.Diego Crema - Coco,P/ DON DIEGO,"R$8,00"
183,D.Diego Crema - Coco - RECEPÇÃO,RECEPÇÃO,"R$8,00"
57,D.Diego Crema- Amendoim,P/ DON DIEGO,"R$8,00"
184,D.Diego Crema- Amendoim - RECEPÇÃO,RECEPÇÃO,"R$6,00"
58,D.Diego Fruteria - Cajá,P/ DON DIEGO,"R$7,00"
185,D.Diego Fruteria - Cajá - RECEPÇÃO,RECEPÇÃO,"R$4,00"
59,D.Diego Fruteria - Limão,P/ DON DIEGO,"R$7,00"
186,D.Diego Fruteria - Limão - RECEPÇÃO,RECEPÇÃO,"R$4,00"
60,D.Diego Moranguito,P/ DON DIEGO,"R$7,00"
187,D.Diego Moranguito - RECEPÇÃO,RECEPÇÃO,"R$5,00"
61,D.Diego Paletas - Banana/avelã,P/ DON DIEGO,"R$16,00"
188,D.Diego Paletas - Banana/avelã - RECEPÇÃO,RECEPÇÃO,"R$11,00"
62,D.Diego Paletas - Chocomaltine,P/ DON DIEGO,"R$18,00"
189,D.Diego Paletas - Chocomaltine - RECEPÇÃO,RECEPÇÃO,"R$13,00"
63,D.Diego Paletas - Coco com Brigadeiro,P/ DON DIEGO,"R$16,00"
190,D.Diego Paletas - Coco com Brigadeiro - RECEPÇÃO,RECEPÇÃO,"R$11,00"
51,D.Diego Paletas - Paçoca,P/ DON DIEGO,"R$16,00"
178,D.Diego Paletas - Paçoca - RECEPÇÃO,RECEPÇÃO,"R$11,00"
64,D.Diego Paletas- Morango/leite,P/ DON DIEGO,"R$16,00"
191,D.Diego Paletas- Morango/leite - RECEPÇÃO,RECEPÇÃO,"R$11,00"
943,DEC. PORTA CHAPEUZINHO,DECORAÇÃO,"R$0,00"
945,DIADEMA,DECORAÇÃO,"R$0,00"
599,DIALINE ANTIFERRUGEM (BRANCO BRILHO) GALÃO,PINTURA,"R$110,25"
600,DIALINE ANTIFERRUGEM (MARROM TABACO) GALÃO,PINTURA,"R$110,25"
598,DIALINE SECA RAPIDO (BRANCO FOSCO) GALÃO,PINTURA,"R$99,75"
1,DIÁRIA,1,"R$1,00"
228,DOCES - BROWNIE RECHEADO,RECEPÇÃO,"R$10,00"
227,DOCES - BOLO DE POTE,RECEPÇÃO,"R$10,00"
229,DOCES - BROWNIE TRADICIONAL,RECEPÇÃO,"R$6,00"
223,DOSE - Licor Menta,DOSE,"R$0,00"
68,DOSE - Pitú,Bebidas Quente,"R$6,00"
69,DOSE - Vodka,Bebidas Quente,"R$9,00"
67,DOSE - Whisky Black White,Bebidas Quente,"R$9,00"
1010,DOSE - Whisky Johnnie Red,Bebidas Quente,"R$12,00"
115,DOSE - Whisky Old Par,Bebidas Quente,"R$18,00"
225,DOSE Pitchulinha,DOSE,"R$0,00"
49,DRINK KRIPTONITA,DRINKS,"R$13,00"
690,Descascador,Utensilios Cozinha,"R$10,00"
700,Desengraxante 50ml,REFRIGERAÇÃO,"R$2,50"
484,Desinfetante - L,LIMPEZA,"R$5,50"
485,Detergente - 500ml,LIMPEZA,"R$1,50"
65,Devassa,Não Informado,"R$15,00"
257,ENXOVAL - COLCHA,RECEPÇÃO,"R$152,76"
235,ENXOVAL - FRONHA,RECEPÇÃO,"R$14,80"
233,ENXOVAL - L/CASAL,RECEPÇÃO,"R$73,85"
234,ENXOVAL - L/SOLTEIRO,RECEPÇÃO,"R$49,25"
236,ENXOVAL - TOALHA,RECEPÇÃO,"R$44,80"
244,ENXOVAL - TOALHA DE CHÃO,RECEPÇÃO,"R$22,45"
237,ENXOVAL - TOALHA/ROSTO,RECEPÇÃO,"R$22,45"
603,ESMALTE ( AMAREL0) 1/4,PINTURA,"R$30,83"
658,ESMALTE ( AMARELO TRATOR 1/4 ),PINTURA,"R$29,67"
604,ESMALTE ( AZUL FRANÇA) 1/4,PINTURA,"R$30,83"
657,ESMALTE ( AZUL MAR 750ml ),PINTURA,"R$30,83"
1027,ESMALTE ( CERAMICA 1/4 ),PINTURA,"R$29,67"
606,ESMALTE ( LARANJA 750ml),PINTURA,"R$30,83"
605,ESMALTE ( PRETO 750ml),PINTURA,"R$30,83"
659,ESMALTE ( VERDE FOLHA 750ML ),PINTURA,"R$24,46"
601,ESMALTE ( VERDE LIMÃO) 1/4,PINTURA,"R$30,83"
602,ESMALTE ( VERMELHO 750ml),PINTURA,"R$30,83"
596,EUROFER (CINZA) GALÃO,PINTURA,"R$89,25"
137,EXTRA - Almoço por pessoa (criança),Não Informado,"R$45,00"
44,EXTRA - CHAVEIRO CAMARÁS,Hospedagem,"R$60,00"
110,EXTRA - TOALHA,Hospedagem,"R$15,00"
528,Elet. Liquidificação,Utensilios Cozinha,"R$150,00"
534,Elet. Sanduicheira,Utensilios Cozinha,"R$80,00"
476,Elevador kg,PISCINA,"R$13,00"
730,Embalagem,DESCARTAVEL,"R$1,00"
678,Embalagem,DIVERSOS,"R$3,00"
623,Empanado,FREEZER,"R$1,70"
70,Energético,Bebidas não Alcoólicas,"R$14,00"
553,Esc- Bobina Ponto,ALMOXARIFADO,"R$4,00"
397,Esc- Mouse,ALMOXARIFADO,"R$20,00"
812,Escondidinho,XCafé da Manhã,"R$0,00"
543,Espanador,EQUIPAMENTO,"R$10,00"
496,Esponja de aço inox,LIMPEZA,"R$5,50"
486,Esponja dupla face,LIMPEZA,"R$0,60"
544,Etiqueta (1000),Material de escritorio,"R$45,00"
214,Eventos,1,"R$0,00"
770,Executivo Batata Fritas,PRODUTO EXECUTIVO,"R$0,00"
22,FITEIRO - Biscoito/Salgado,RECEPÇÃO,"R$4,00"
1042,FITEIRO - Pippos,RECEPÇÃO,"R$5,00"
138,FITEIRO - Amendoim,RECEPÇÃO,"R$5,00"
290,FITEIRO - Amendoim,RECEPÇÃO,"R$6,00"
24,FITEIRO - Bolsa camarás,RECEPÇÃO,"R$25,00"
45,FITEIRO - Cheetos,RECEPÇÃO,"R$6,00"
97,FITEIRO - Chocolates,RECEPÇÃO,"R$6,00"
66,FITEIRO - Doritos,RECEPÇÃO,"R$8,00"
74,FITEIRO - Freegells/Fini,RECEPÇÃO,"R$2,00"
75,FITEIRO - Fruitella,RECEPÇÃO,"R$4,00"
217,FITEIRO - KIT HOSPEDAGEM,Hospedagem,"R$2,00"
83,FITEIRO - Kit festa,RECEPÇÃO,"R$8,00"
84,FITEIRO - Kit refeição - (Prato + talher),RECEPÇÃO,"R$2,00"
86,FITEIRO - Mentos,RECEPÇÃO,"R$3,00"
90,FITEIRO - Pingo,RECEPÇÃO,"R$5,00"
1007,FITEIRO - Prato Almoço,RECEPÇÃO,"R$10,00"
583,FITEIRO - SONHO DE VALSA,RECEPÇÃO,"R$2,00"
297,FITEIRO - TAÇA DE VINHO,RECEPÇÃO,"R$15,00"
246,FITEIRO - TAÇAS ALDEIA DOS CAMARAS,RECEPÇÃO,"R$15,00"
1008,FITEIRO - Talher Almoço (Garfo/Faca),RECEPÇÃO,"R$8,00"
698,FITEIRO - Viseira Camará,RECEPÇÃO,"R$25,00"
976,FOGUEIRA,DECORAÇÃO,"R$0,00"
871,FONDUE CARNE MISTA,XJANTAR,"R$99,90"
870,FONDUE CHOCOLATE,XJANTAR,"R$49,90"
869,FONDUE QUEIJO,XJANTAR,"R$49,90"
867,FONDUE SEQUENCIA CASAL HOSPEDAGEM,XJANTAR,"R$199,99"
862,FONDUE SEQUENCIA CASAL HOSPEDAGEM,XJANTAR,"R$149,99"
864,FONDUE SEQUENCIA CRIANÇA,XJANTAR,"R$50,00"
863,FONDUE SEQUENCIA EXTRA,XJANTAR,"R$100,00"
865,FONDUE SEQUENCIA INDIVIDUAL,XJANTAR,"R$130,00"
797,FRUTA ABACAXI,XCafé da Manhã,"R$0,00"
801,FRUTA CARAMBOLA,XCafé da Manhã,"R$0,00"
798,FRUTA GOIABA,XCafé da Manhã,"R$0,00"
577,FRUTA KIWI,POLPA,"R$0,00"
800,FRUTA LARANJA,XCafé da Manhã,"R$0,00"
793,FRUTA MAMÃO,XCafé da Manhã,"R$0,00"
796,FRUTA MELANCIA,XCafé da Manhã,"R$0,00"
795,FRUTA MELÃO,XCafé da Manhã,"R$0,00"
576,FRUTA MORANGO,POLPA,"R$0,00"
799,FRUTA SAPUTI,XCafé da Manhã,"R$0,00"
861,FRUTAS,FONDUE PRODUTOS,"R$0,00"
248,FUNCIONARIO - BOLO DE POTE,FUNCIONARIO,"R$5,00"
249,FUNCIONARIO - BROWNIE RECHEADO,FUNCIONARIO,"R$0,00"
250,FUNCIONARIO - BROWNIE TRADICIONAL,FUNCIONARIO,"R$0,00"
622,FUNDO PREPARADOR,PINTURA,"R$186,27"
522,Faca,Utensilios Cozinha,"R$2,00"
71,Farofa,ACOMPANHAMENTOS,"R$5,00"
352,Fat. Mortadela-200g,GELADEIRA,"R$5,00"
353,Fat. mussarela - kg,GELADEIRA,"R$57,00"
354,Fat.Presunto-200g,GELADEIRA,"R$6,00"
72,Feijão,ACOMPANHAMENTOS,"R$9,00"
487,Fibraço,LIMPEZA,"R$6,00"
413,Filtro,PISCINA,"R$50,00"
73,Filé com fritas,Não Informado,"R$8,00"
414,Fita Crepe fina,GAVETEIRO,"R$50,00"
415,Fita Crepe grossa,GAVETEIRO,"R$2,00"
545,Fita Durex fino,Material de escritorio,"R$2,00"
546,Fita Durex gross,GAVETEIRO,"R$5,00"
556,Fita colorida,Material de escritorio,"R$2,00"
471,Fita medição,PISCINA,"R$40,28"
665,Fita pvc,REFRIGERAÇÃO,"R$10,00"
416,Fita veda rosca,GAVETEIRO,"R$3,00"
841,Fondue,XJANTAR,"R$199,99"
840,Fondue Casal Hospedagem,XJANTAR,"R$149,99"
843,Fondue Casal Hospedagem (apagar depois),Hospedagem,"R$149,99"
844,Fondue Criança (apagar depois),Hospedagem,"R$50,00"
845,Fondue Individual Hospedagem (apagar depois),Hospedagem,"R$100,00"
842,Fondue SEM QUARTO (apagar depois),Hospedagem,"R$199,99"
846,Fondue Sem APT (apagar depois),Hospedagem,"R$130,00"
1014,Frango - Couro,FREEZER,"R$0,00"
774,Frango Grelhado,xExecutivo,"R$32,90"
384,"Frango coxa 1,7kg",FREEZER,"R$17,00"
383,Frango fígado kg,FREEZER,"R$8,00"
385,Frango int - unid,FREEZER,"R$15,00"
388,Frango moela kg,FREEZER,"R$8,00"
386,Frango peito kg,FREEZER,"R$15,00"
773,Frango Á Parmegiana,xExecutivo,"R$32,90"
523,Frigideira,Utensilios Cozinha,"R$15,00"
76,GARRAFA DE CAFÉ,Hospedagem,"R$35,00"
195,GELADEIRA - CERVEJA - HEINEKEN - RECEPÇÃO,RECEPÇÃO,"R$12,00"
1080,GELADEIRA - CERVEJA -BRAHMA - RECEPÇÃO,RECEPÇÃO,"R$11,00"
194,GELADEIRA - CERVEJA AMSTEL - RECEPÇÃO,RECEPÇÃO,"R$10,00"
702,GELADEIRA - REFRIGERANTE COCA ZERO - RECEPÇÃO,RECEPÇÃO,"R$8,00"
94,GELADEIRA - REFRIGERANTE COCA-COLA - RECEPÇÃO,RECEPÇÃO,"R$8,00"
917,GELADEIRA - SUCO MANGA - RECEPÇÃO,RECEPÇÃO,"R$4,00"
916,GELADEIRA - SUCO MARACUJÁ - RECEPÇÃO,RECEPÇÃO,"R$4,00"
918,GELADEIRA - SUCO UVA - RECEPÇÃO,RECEPÇÃO,"R$4,00"
193,GELADEIRA - ÁGUA MINERAL - RECEPÇÃO,RECEPÇÃO,"R$5,00"
704,GELADEIRA - ÁGUA MINERAL COM GÁS - RECEPÇÃO,RECEPÇÃO,"R$6,00"
977,GRAVATA,DECORAÇÃO,"R$0,00"
956,GUIRLANDA,DECORAÇÃO,"R$0,00"
765,Galinha Guisada,XCafé da Manhã,"R$0,00"
525,Garrafa café,Utensilios Cozinha,"R$60,00"
733,Garrafa caldinho,Utensilios Cozinha,"R$40,00"
526,Garrafa leite,Utensilios Cozinha,"R$60,00"
991,Gasolina - 1lt,MAQUINARIO,"R$6,50"
735,Gel cubinho,PISCINA,"R$5,90"
355,Goma,GELADEIRA,"R$5,00"
547,Grampeador,Material de escritorio,"R$15,00"
548,Grampo,Material de escritorio,"R$5,00"
326,Granola - 250g,DISPENSA,"R$11,00"
549,Guarda-chuva,Material de escritorio,"R$30,00"
446,Guardanapo,DESCARTAVEL,"R$0,80"
580,Guardanapo,RECEPÇÃO,"R$4,00"
1061,Guardanapo 32x33,DESCARTAVEL,"R$0,80"
527,Gás,Utensilios Cozinha,"R$100,00"
627,Gás Maçarico,REFRIGERAÇÃO,"R$50,00"
833,Gás azul R32,REFRIGERAÇÃO,"R$649,29"
428,Gás rosa R410,REFRIGERAÇÃO,"R$1.073,73"
429,Gás verde R22,REFRIGERAÇÃO,"R$864,95"
77,H2O,Bebidas não Alcoólicas,"R$8,00"
119,H2O LIMONETO,Bebidas não Alcoólicas,"R$8,00"
1069,HEINEKEN+ CROQUETE COSTELA,ZCOMBOS,"R$29,99"
1077,HEINEKEN+ CROQUETE CUPIM,ZCOMBOS,"R$29,99"
672,HIG - Absorvente externo,RECEPÇÃO,"R$10,00"
1030,HIG - Absorvente interno,RECEPÇÃO,"R$20,00"
673,HIG - Creme dental,RECEPÇÃO,"R$6,00"
675,HIG - Escova de dente,RECEPÇÃO,"R$6,00"
1029,HIG - Fio dental,RECEPÇÃO,"R$14,00"
674,HIG - Sabonete,RECEPÇÃO,"R$6,00"
1028,HIG - barbeador,RECEPÇÃO,"R$8,00"
1043,HIG -Desodorante Monange,RECEPÇÃO,"R$15,00"
488,Hipoclorito(cloro)1L,LIMPEZA,"R$4,00"
79,IMPRESSÃO (FOLHA),1,"R$1,50"
563,INGRESSO SÃO JOÃO - ADULTO,Hospedagem,"R$50,00"
564,INGRESSO SÃO JOÃO - ADULTO - Criança,Hospedagem,"R$25,00"
782,IOGURTE,XCafé da Manhã,"R$0,00"
82,ISCA DE FRANGO,Alimentos,"R$32,00"
78,Ice Smirnoff,Bebidas Alcoólicas,"R$13,00"
80,Ingressos 23/06 - Adulto,Não Informado,"R$50,00"
81,Ingressos 23/06 criança,Não Informado,"R$25,00"
824,Inhame,XCafé da Manhã,"R$0,00"
505,Inseticida,LIMPEZA,"R$10,00"
356,Iogurte saco,GELADEIRA,"R$3,90"
357,Iogurtinho -unid,GELADEIRA,"R$0,65"
550,Isqueiro,Material de escritorio,"R$4,00"
295,JANTAR ADULTO,Hospedagem,"R$40,00"
296,JANTAR CRIANÇA,Hospedagem,"R$20,00"
159,JOGOS - Baralho (52 cartas),RECEPÇÃO,"R$15,00"
154,JOGOS - Bola de Frescobol,RECEPÇÃO,"R$10,00"
152,JOGOS - Bola de Ping-Pong,RECEPÇÃO,"R$5,00"
150,JOGOS - Bola de Speedbol (Local),RECEPÇÃO,"R$0,00"
151,JOGOS - Bola de Totó,RECEPÇÃO,"R$10,00"
149,JOGOS - Bola de Vôlei,RECEPÇÃO,"R$160,00"
162,JOGOS - Dama (24 peças),RECEPÇÃO,"R$30,00"
161,JOGOS - Raquete Frescobol PAR,RECEPÇÃO,"R$50,00"
156,JOGOS - Rede de Vôlei,RECEPÇÃO,"R$100,00"
163,JOGOS - Xadrez (32 peças),RECEPÇÃO,"R$50,00"
148,JOGOS - Bola de Futebol,RECEPÇÃO,"R$100,00"
155,JOGOS - Bomba de Ar,RECEPÇÃO,"R$30,00"
158,JOGOS - Dominó (28 peças),RECEPÇÃO,"R$20,00"
160,JOGOS - Raquete Ping-Pong PAR,RECEPÇÃO,"R$40,00"
157,JOGOS - Rede de Ping-Pong,RECEPÇÃO,"R$20,00"
619,Jarra,Utensilios Cozinha,"R$20,00"
620,Jarrinha de vidro,Utensilios Cozinha,"R$15,00"
989,Jato do ar,MAQUINARIO,"R$0,00"
401,Jog- Bol beach tenis,ALMOXARIFADO,"R$8,00"
806,LEITE QUENTE,XCafé da Manhã,"R$0,00"
942,LUMINARIA BALÃO,DECORAÇÃO,"R$0,00"
396,Lacre,Material de escritorio,"R$15,80"
468,Limpa Borda,PISCINA,"R$20,00"
358,"Ling. Calabresa 2,5kg",GELADEIRA,"R$65,00"
1003,Ling. Calabresa 500g,FREEZER,"R$0,00"
986,Ling. Toscana,FREEZER,"R$0,00"
359,Ling. fininha,FREEZER,"R$3,50"
387,Ling. salsicha- 500g,FREEZER,"R$6,50"
431,Lixeira Cesto,EQUIPAMENTO,"R$10,00"
921,Lixeira com Pedal,EQUIPAMENTO,"R$20,00"
979,Luminária vela,ALMOXARIFADO,"R$0,00"
980,Luminária vela boia,ALMOXARIFADO,"R$0,00"
491,Lustra Móveis - Cremoso,LIMPEZA,"R$5,00"
495,Lustra Móveis - Óleo de Peroba,LIMPEZA,"R$11,20"
492,Luva látex amarela M,LIMPEZA,"R$5,20"
1033,Luva látex verde G,LIMPEZA,"R$5,20"
493,Luva plástica,LIMPEZA,"R$6,50"
685,Lápis Carpinteiro,Material de escritorio,"R$4,00"
978,Lâmpada Amarela,ALMOXARIFADO,"R$0,00"
328,M. Alho - 1l,DISPENSA,"R$6,00"
330,M. Caseiro - 500ml,DISPENSA,"R$3,00"
332,M. Pimenta - 1l,DISPENSA,"R$6,00"
784,MANTEIGUINHA,XCafé da Manhã,"R$0,00"
1063,MARIANA PURÊ,xExecutivo,"R$0,00"
588,MASSA ACRÍLICA LATÃO,PINTURA,"R$76,78"
589,MASSA CORRIDA LATÃO,PINTURA,"R$39,92"
1082,MEIA GARRAFA DE CAFÉ,Hospedagem,"R$20,00"
944,MINI CHAPEUZINHO,DECORAÇÃO,"R$0,00"
854,MOLHO ALHO,FONDUE PRODUTOS,"R$0,00"
857,MOLHO AZEITONA C/BACON,FONDUE PRODUTOS,"R$0,00"
879,MOLHO EXTRA,XJANTAR,"R$5,00"
859,MOLHO MOSTARDA E MEL,FONDUE PRODUTOS,"R$0,00"
856,MOLHO QUEIJO,FONDUE PRODUTOS,"R$0,00"
858,MOLHO ROSÊ,FONDUE PRODUTOS,"R$0,00"
855,MOLHO TARTARO,FONDUE PRODUTOS,"R$0,00"
788,MORTADELA,XCafé da Manhã,"R$0,00"
123,MOUSSE,Sobremesas,"R$8,00"
786,MUSSARELA,XCafé da Manhã,"R$0,00"
624,Macarrão Penne,DISPENSA,"R$5,00"
757,Macaxeira,XCafé da Manhã,"R$0,00"
85,Macaxeira Frita,Alimentos,"R$17,00"
559,Macaxeira kg,FREEZER,"R$5,00"
410,Man - Capa chuva,ALMOXARIFADO,"R$10,00"
411,Man - Chuveiro,ALMOXARIFADO,"R$25,00"
612,Man - Cola Cano,GAVETEIRO,"R$15,00"
412,Man - Esponja espuma,ALMOXARIFADO,"R$55,50"
1026,Man - Esteira Academia,ALMOXARIFADO,"R$40,00"
554,Man - Estribo,ALMOXARIFADO,"R$40,00"
418,Man - Luva pedreiro,ALMOXARIFADO,"R$5,00"
417,Man - Lâmpada,ALMOXARIFADO,"R$2,00"
1005,Man - Lâmpada Led Fluorescente,ALMOXARIFADO,"R$10,00"
1018,Man - Mascara Azul,ALMOXARIFADO,"R$3,00"
558,Man - Mob,ALMOXARIFADO,"R$0,00"
421,Man - Rede ecoparque,ALMOXARIFADO,"R$63,00"
533,Man - Rede funcionário,ALMOXARIFADO,"R$15,00"
734,Man - Relógio água,ALMOXARIFADO,"R$80,00"
426,Man - Sapato Borracha 35,ALMOXARIFADO,"R$35,00"
614,Man - Sapato Borracha 36,ALMOXARIFADO,"R$70,00"
424,Man - Sapato Borracha 37,ALMOXARIFADO,"R$70,00"
425,Man - Sapato Borracha 39,ALMOXARIFADO,"R$70,00"
689,Man - Sapato Bota 38,ALMOXARIFADO,"R$40,00"
688,Man - Sapato Bota 42,ALMOXARIFADO,"R$60,00"
687,Man - Sapato Bota 44,ALMOXARIFADO,"R$60,00"
1017,Man - Sapato Bota 46,ALMOXARIFADO,"R$40,00"
407,Man - Sapato Bota 7 léguas,ALMOXARIFADO,"R$40,00"
1019,Man - Óculos preto,ALMOXARIFADO,"R$5,00"
1023,Manteiga,GELADEIRA,"R$5,70"
360,Manteiguinha - (12),GELADEIRA,"R$10,00"
994,Maquina de Vácuo,MAQUINARIO,"R$0,00"
361,Margarina - 1kg,DISPENSA,"R$10,00"
267,Material - Abridor de Vinho,RECEPÇÃO,"R$20,00"
581,Material - Adaptador,RECEPÇÃO,"R$10,00"
586,Material - Alicate,RECEPÇÃO,"R$0,00"
270,Material - Calculadora,RECEPÇÃO,"R$30,00"
272,Material - Caneta,RECEPÇÃO,"R$0,00"
285,Material - Caneta Bic,RECEPÇÃO,"R$5,00"
716,Material - Carregador A6,RECEPÇÃO,"R$50,00"
269,Material - Controle Ar Salão,Material de escritorio,"R$0,00"
298,Material - Controle ar,RECEPÇÃO,"R$20,00"
268,Material - Controle cortina de vento,RECEPÇÃO,"R$20,00"
263,Material - Corretivo,RECEPÇÃO,"R$5,00"
261,Material - Estilete,RECEPÇÃO,"R$5,00"
266,Material - Extrator de Grampo,RECEPÇÃO,"R$10,00"
1044,Material - Ferro de Passar,RECEPÇÃO,"R$100,00"
259,Material - Furador,RECEPÇÃO,"R$20,00"
258,Material - Grampeador,RECEPÇÃO,"R$20,00"
273,Material - Guarda Chuva,RECEPÇÃO,"R$40,00"
264,Material - Isqueiro,RECEPÇÃO,"R$5,00"
1045,Material - Kit Costura,RECEPÇÃO,"R$20,00"
569,Material - Lanterna,RECEPÇÃO,"R$30,00"
262,Material - Lápis,RECEPÇÃO,"R$5,00"
260,Material - Piloto,RECEPÇÃO,"R$5,00"
271,Material - Prancheta,RECEPÇÃO,"R$0,00"
265,Material - Reguá,RECEPÇÃO,"R$20,00"
587,Material - Resistência,RECEPÇÃO,"R$0,00"
680,Maçarico,REFRIGERAÇÃO,"R$180,00"
447,Mexedor (100),DESCARTAVEL,"R$9,00"
336,Milho,DISPENSA,"R$4,00"
1064,Milho kg,ANIMAIS,"R$1,56"
823,Mingau de Aveia,XCafé da Manhã,"R$0,00"
1036,Mini Colher cristal,DESCARTAVEL,"R$8,69"
562,Molho de tomate KG,FREEZER,"R$5,00"
1088,Motoserra,MAQUINARIO,"R$0,00"
759,Munguzá,XCafé da Manhã,"R$0,00"
338,Munguzá - 500g,DISPENSA,"R$2,50"
419,Máscara,GAVETEIRO,"R$4,00"
494,Naftalina,LIMPEZA,"R$4,30"
339,Nescau - 400g,DISPENSA,"R$7,00"
802,OVO INTEIRO,XCafé da Manhã,"R$0,00"
245,Objeto - Taça Quebrada,Hospedagem,"R$15,00"
836,Oficina Boobie gods,RECEPÇÃO,"R$25,00"
815,Omelete,XCafé da Manhã,"R$0,00"
763,Omelete carne,XCafé da Manhã,"R$0,00"
363,Ovo bandeja,GELADEIRA,"R$20,00"
764,Ovo mexido,XCafé da Manhã,"R$0,00"
566,PAMONHA,Alimentos,"R$8,00"
551,PEÇA GRANDE,Hospedagem,"R$5,00"
552,PEÇA PEQUENA,Hospedagem,"R$3,00"
211,POLPA DE ACEROLA,POLPA,"R$0,00"
197,POLPA DE CAJÁ,POLPA,"R$0,00"
198,POLPA DE CAJÚ,POLPA,"R$0,00"
199,POLPA DE GOIABA,POLPA,"R$0,00"
200,POLPA DE GRAVIOLA,POLPA,"R$0,00"
201,POLPA DE MARACUJÁ,POLPA,"R$0,00"
243,POLPA DE MARACUJÁ*,SUCOS SEM LEITE,"R$0,00"
202,POLPA DE MORANGO,POLPA,"R$0,00"
877,PORÇÃO CARNE,XJANTAR,"R$48,00"
876,PORÇÃO CARNE MISTA,XJANTAR,"R$32,00"
874,PORÇÃO CHOCOLATE,XJANTAR,"R$35,00"
878,PORÇÃO FRANGO,XJANTAR,"R$20,00"
875,PORÇÃO FRUTAS,XJANTAR,"R$20,00"
872,PORÇÃO PÃO,XJANTAR,"R$8,00"
873,PORÇÃO QUEIJO,XJANTAR,"R$45,00"
946,PRESILHA,DECORAÇÃO,"R$0,00"
787,PRESUNTO,XCafé da Manhã,"R$0,00"
274,PRODUTO ASINHA,BAR PRODUTOS,"R$28,00"
216,PRODUTO BACON,BAR PRODUTOS,"R$4,00"
275,PRODUTO BATATA,BAR PRODUTOS,"R$13,00"
920,PRODUTO BOLINHO DE CHARQUE,BAR PRODUTOS,"R$12,00"
276,PRODUTO BOLINHO DE QUEIJO,BAR PRODUTOS,"R$12,00"
205,PRODUTO CALABRESA,BAR PRODUTOS,"R$11,00"
835,PRODUTO CALDINHO DE CAMARÃO,BAR PRODUTOS,"R$9,00"
895,PRODUTO CALDINHO DE CHARQUE,BAR PRODUTOS,"R$9,00"
279,PRODUTO CALDINHO DE FEIJÃO,BAR PRODUTOS,"R$9,00"
278,PRODUTO CALDINHO DE PEIXE,BAR PRODUTOS,"R$9,00"
896,PRODUTO CALDO VERDE,BAR PRODUTOS,"R$9,00"
280,PRODUTO CAMARÃO ALHO E ÓLEO,BAR PRODUTOS,"R$40,00"
206,PRODUTO CARNE DE SOL,BAR PRODUTOS,"R$26,00"
207,PRODUTO COSTELA,BAR PRODUTOS,"R$26,00"
281,PRODUTO COXINHA,BAR PRODUTOS,"R$12,00"
571,PRODUTO CROQUETE COSTELA,BAR PRODUTOS,"R$0,00"
277,PRODUTO CROQUETE CUPIM,BAR PRODUTOS,"R$0,00"
570,PRODUTO CROQUETE CUPIM,BAR PRODUTOS,"R$0,00"
208,PRODUTO CUPIM,BAR PRODUTOS,"R$35,00"
282,PRODUTO ISCA DE FRANGO,BAR PRODUTOS,"R$26,00"
283,PRODUTO MACAXEIRA FRITA,BAR PRODUTOS,"R$13,00"
284,PRODUTO PEIXE POSTA,BAR PRODUTOS,"R$32,00"
729,PRODUTO Rolinho de queijo,BAR PRODUTOS,"R$0,00"
254,PRODUTO SAIDA TESTE (ALEX),PRODUTO EXECUTIVO,"R$0,00"
718,PRODUTO TAÇAS ALDEIA DOS CAMARAS,EXTRAS,"R$15,00"
753,PRODUTO TEST NOVA IMP,DIVERSOS,"R$0,00"
890,PRODUTO TESTE RECEPÇÃO COMP IGUAL BAR,RECEPÇÃO,"R$0,00"
891,PRODUTO TESTE RESTAURANTE COMP IGUAL RECEPÇÃO,XJANTAR,"R$0,00"
255,PRODUTO VENDA TESTE(ALEX),xExecutivo,"R$0,00"
754,PROTUDO TESTE RECEPÇÃO,DIVERSOS,"R$0,00"
448,Palito-caixa(200),DESCARTAVEL,"R$1,50"
449,Palito-emb(100),DESCARTAVEL,"R$1,40"
497,Pano de limpeza,LIMPEZA,"R$0,22"
529,Pano de prato,Utensilios Cozinha,"R$2,00"
420,Pano multiuso,Utensilios Cozinha,"R$20,00"
398,Papel A4,Material de escritorio,"R$26,00"
507,Papel Higiênico - rolo,LIMPEZA,"R$1,00"
508,Papel Higiênico Big,LIMPEZA,"R$8,50"
691,Papel Manteiga Cortado,BAR PRODUTOS,"R$0,00"
509,Papel Toalha-pct,LIMPEZA,"R$4,00"
677,Papel manteiga 50X70,DESCARTAVEL,"R$0,40"
498,Pastilha sanitária,LIMPEZA,"R$8,00"
625,Peixe Anchova 5kg,FREEZER,"R$50,00"
88,Peixe posta,Alimentos,"R$35,00"
557,Peneira,Utensilios Cozinha,"R$10,00"
990,Perfume Refrigeração,MAQUINARIO,"R$8,00"
390,Polpa acerola,FREEZER,"R$0,80"
391,Polpa cajá,FREEZER,"R$1,10"
392,Polpa cajú,FREEZER,"R$0,60"
393,Polpa goiaba,FREEZER,"R$0,60"
394,Polpa graviola,FREEZER,"R$1,10"
395,Polpa manga,FREEZER,"R$0,60"
1047,Porta gelo,Utensilios Cozinha,"R$45,00"
530,Porta guardanapo,Utensilios Cozinha,"R$15,00"
432,Porta papel higienico,EQUIPAMENTO,"R$35,00"
434,Porta papel toalha,EQUIPAMENTO,"R$35,00"
433,Porta sabonete,EQUIPAMENTO,"R$35,00"
531,Pote Papa,Utensilios Cozinha,"R$5,00"
924,Pote Tempero,Utensilios Cozinha,"R$5,00"
923,Pote vidro,Utensilios Cozinha,"R$15,00"
615,Prato Funcionário,Utensilios Cozinha,"R$10,00"
450,Prato PF12,DESCARTAVEL,"R$2,00"
451,Prato PF15,DESCARTAVEL,"R$2,00"
611,Prato PR15,DESCARTAVEL,"R$2,00"
452,Prato PR21,DESCARTAVEL,"R$4,00"
499,Pretinho - 500ml,LIMPEZA,"R$3,00"
722,Produto Vodka,DOSE,"R$7,00"
724,Produto Whisky Black White,DOSE,"R$9,00"
1009,Produto Whisky Johnnie Red,DOSE,"R$12,00"
721,Produto Whisky Old Par,DOSE,"R$18,00"
679,Produto EMBALAGEM,BAR PRODUTOS,"R$3,00"
720,Produto Licor Menta,DOSE,"R$0,00"
719,Produto Pitchulinha,DOSE,"R$0,00"
723,Produto Pitú,DOSE,"R$5,00"
399,Pulseira,Material de escritorio,"R$106,39"
803,PÃO ASSADO,XCafé da Manhã,"R$0,00"
789,PÃO DE FORMA,XCafé da Manhã,"R$0,00"
820,PÃO DE FORMA INTEGRAL,XCafé da Manhã,"R$0,00"
790,PÃO TRADICIONAL,XCafé da Manhã,"R$0,00"
375,Pássaro,ANIMAIS,"R$1,25"
807,Pássaro ração 500gr,ANIMAIS,"R$4,55"
813,Pão Quente,XCafé da Manhã,"R$0,00"
364,Pão de caixa,GELADEIRA,"R$4,20"
365,Pão de caixa integral,GELADEIRA,"R$5,20"
366,Pão hotdog,GELADEIRA,"R$5,20"
761,Pão quente branco,XCafé da Manhã,"R$0,00"
389,Pé de porco,FREEZER,"R$10,00"
649,QBB - AÇAI COM LEITINHO,QBOMBOM,"R$5,00"
651,QBB - CASEIRO BEIJINHO,QBOMBOM,"R$6,00"
638,QBB - CASEIRO NATA GOIABA,QBOMBOM,"R$6,00"
655,QBB - COMUM AÇAI,QBOMBOM,"R$4,00"
632,QBB - COMUM AÇAI,QBOMBOM,"R$5,00"
642,QBB - COMUM CHOCOLATE,QBOMBOM,"R$4,00"
643,QBB - COMUM COCO,QBOMBOM,"R$4,00"
633,QBB - COMUM L/CONDENSADO,QBOMBOM,"R$4,00"
637,QBB - COMUM MORANGO,QBOMBOM,"R$4,00"
636,QBB - CREMOSO NAPOLITANO,QBOMBOM,"R$5,00"
639,QBB - FESTA BRIGADEIRO,QBOMBOM,"R$7,00"
646,QBB - LEITINHO TRUFADO,QBOMBOM,"R$5,00"
743,QBB - QBLETS,QBOMBOM,"R$10,50"
652,QBB - QCONE BRIGADEIRO,QBOMBOM,"R$10,50"
647,QBB - QCONE CROCANTE,QBOMBOM,"R$10,50"
645,QBB - QFRUTA CAJÁ,QBOMBOM,"R$3,50"
634,QBB - QFRUTA LIMÃO,QBOMBOM,"R$3,50"
1046,QBB - QFRUTA MORANGO,QBOMBOM,"R$3,50"
834,QBB - QFRUTA MORANGO,QBOMBOM,"R$3,50"
635,QBB - QFRUTA UVA,QBOMBOM,"R$3,50"
711,QBB - QMAXX BRIGADEIRÃO,QBOMBOM,"R$10,50"
640,QBB - QMAXX CHOCOLATE,QBOMBOM,"R$10,50"
644,QBB - QMAXX COOKIES,QBOMBOM,"R$10,50"
641,QBB - QMAXX MOUSSE DE MARACUJÁ,QBOMBOM,"R$10,50"
650,QBB - SPECIALE BOMBOM BRANCO,QBOMBOM,"R$7,00"
712,QBB - SPECIALE BOMBOM FERRERO,QBOMBOM,"R$7,00"
648,QBB - SPECIALE MALTINE,QBOMBOM,"R$7,00"
1034,QBB - SPECIALE PRESTÍGIO,QBOMBOM,"R$7,00"
962,QUADRINHO DE CHITA,DECORAÇÃO,"R$0,00"
955,QUADRO DOS SANTOS,DECORAÇÃO,"R$0,00"
971,QUADRO SELF,DECORAÇÃO,"R$0,00"
1001,QUEIJO/FUNDUE 150G,FONDUE PRODUTOS,"R$0,00"
849,QUEIJO/FUNDUE 300G,FONDUE PRODUTOS,"R$0,00"
1002,QUEIJO/FUNDUE 80G,FONDUE PRODUTOS,"R$0,00"
341,Queijo ralado- 100g,DISPENSA,"R$6,00"
1022,REFEIÇÃO TIME FUTEBOL,Hospedagem,"R$42,50"
91,REFRIGERANTE COCA-COLA,Bebidas não Alcoólicas,"R$8,00"
133,REFRIGERANTE COCA-COLA ZERO 350ML,Bebidas não Alcoólicas,"R$8,00"
92,REFRIGERANTE FANTA,Bebidas não Alcoólicas,"R$8,00"
93,REFRIGERANTE GUARANÁ,Bebidas não Alcoólicas,"R$8,00"
1065,REFRIGERANTE GUARANÁ ZERO,Bebidas não Alcoólicas,"R$8,00"
95,REFRIGERANTE SODA,Bebidas não Alcoólicas,"R$8,00"
785,REQUEIJÃO,XCafé da Manhã,"R$0,00"
964,ROLADOR,DECORAÇÃO,"R$0,00"
532,Ralo inox,Utensilios Cozinha,"R$10,00"
404,Raquete beach tenis,JOGOS,"R$15,00"
405,Raquete ping-pong,JOGOS,"R$15,00"
453,Ref. colher,DESCARTAVEL,"R$7,50"
454,Ref. faca,DESCARTAVEL,"R$7,50"
455,Ref. garfo,DESCARTAVEL,"R$7,50"
342,Refresco,DISPENSA,"R$0,90"
221,Refrigerante Coca-cola - APT,Hospedagem,"R$8,00"
686,Registro de agua,MANUTENÇÃO,"R$0,00"
367,Requeijão,GELADEIRA,"R$5,70"
435,Reservatório sabonete,EQUIPAMENTO,"R$10,00"
376,Roedor (400g),ANIMAIS,"R$1,56"
725,Rolinho de queijo,Alimentos,"R$13,00"
617,Rolo 5cm,GAVETEIRO,"R$5,00"
456,Rolo Filme,DESCARTAVEL,"R$140,00"
1035,Rolo Filme stretch com cabo,DESCARTAVEL,"R$5,00"
460,Rolo Saco (20x30),DESCARTAVEL,"R$22,00"
459,Rolo Saco (25x35),DESCARTAVEL,"R$32,00"
457,Rolo Saco (40x60),DESCARTAVEL,"R$40,00"
458,Rolo Saco M (30x40),DESCARTAVEL,"R$35,00"
1031,Rolo de alumínio,DESCARTAVEL,"R$14,95"
422,Rolo lã 15cm,GAVETEIRO,"R$6,00"
423,Rolo lã 9cm,GAVETEIRO,"R$4,00"
996,Roçadeira Energia,MAQUINARIO,"R$0,00"
995,Roçadeira Gasolina,MAQUINARIO,"R$0,00"
853,SALADA,FONDUE PRODUTOS,"R$0,00"
881,SALADA,XJANTAR,"R$10,00"
915,SANDUÍCHE,xExecutivo,"R$7,00"
909,SANDUÍCHE (COALHO E PRESUNTO),xExecutivo,"R$7,00"
912,SANDUÍCHE (COALHO),xExecutivo,"R$7,00"
907,SANDUÍCHE (MUSSARELA COALHO),xExecutivo,"R$7,00"
903,SANDUÍCHE (MUSSARELA E PRESUNTO),xExecutivo,"R$7,00"
914,SANDUÍCHE (MUSSARELA),xExecutivo,"R$7,00"
913,SANDUÍCHE (PRESUNTO),xExecutivo,"R$7,00"
595,SELA E PINTA (TAPACURÁ) LATÃO,PINTURA,"R$198,45"
594,SELA E PINTA (CAMURÇA) LATÃO,PINTURA,"R$198,45"
591,SELADOR LATÃO,PINTURA,"R$67,92"
972,SJ - ABANADOR CARINHA,DECORAÇÃO,"R$0,00"
975,SJ - ARUPEMBA GRANDE,DECORAÇÃO,"R$0,00"
954,SJ - BALÃO PAPEL,DECORAÇÃO,"R$0,00"
953,SJ - BALÃO PLASTICO GG,DECORAÇÃO,"R$0,00"
952,SJ - BALÃO PLASTICO M BRASIL,DECORAÇÃO,"R$0,00"
662,STAIN,PINTURA,"R$20,00"
780,SUCO ACEROLA,XCafé da Manhã,"R$0,00"
827,SUCO CAJÁ,XCafé da Manhã,"R$0,00"
781,SUCO CAJÚ,XCafé da Manhã,"R$0,00"
98,SUCO DE ACEROLA C/ LEITE,SUCO COM LEITE,"R$11,00"
99,SUCO DE ACEROLA S/ LEITE,SUCOS SEM LEITE,"R$10,00"
125,SUCO DE CAJU S/LEITE,SUCOS SEM LEITE,"R$10,00"
127,SUCO DE CAJU C/LEITE,SUCO COM LEITE,"R$11,00"
100,SUCO DE CAJÁ C/ LEITE,SUCO COM LEITE,"R$11,00"
101,SUCO DE CAJÁ S/ LEITE,SUCOS SEM LEITE,"R$10,00"
579,SUCO DE FRUTA - MORANGO C/ LEITE,SUCO COM LEITE,"R$12,00"
578,SUCO DE FRUTA - MORANGO S/ LEITE,SUCOS SEM LEITE,"R$11,00"
128,SUCO DE GOIABA C/LEITE,SUCO COM LEITE,"R$11,00"
126,SUCO DE GOIABA S/LEITE,SUCOS SEM LEITE,"R$10,00"
102,SUCO DE GRAVIOLA C/ LEITE,SUCO COM LEITE,"R$11,00"
103,SUCO DE GRAVIOLA S/ LEITE,SUCOS SEM LEITE,"R$10,00"
104,SUCO DE MARACUJÁ C/ LEITE,SUCO COM LEITE,"R$11,00"
105,SUCO DE MARACUJÁ S/ LEITE,SUCOS SEM LEITE,"R$10,00"
107,SUCO DE MORANGO C/ LEITE,SUCO COM LEITE,"R$11,00"
108,SUCO DE MORANGO S/ LEITE,SUCOS SEM LEITE,"R$10,00"
828,SUCO GOIABA,XCafé da Manhã,"R$0,00"
829,SUCO GRAVIOLA,XCafé da Manhã,"R$0,00"
106,SUCO LIMÃO,SUCOS SEM LEITE,"R$10,00"
830,SUCO MELANCIA,XCafé da Manhã,"R$0,00"
500,Sabao pedra - unid,LIMPEZA,"R$2,40"
501,Sabao po,LIMPEZA,"R$3,00"
502,Sabonete Liquido-5l,LIMPEZA,"R$20,00"
489,Sache Sabonete - 50,LIMPEZA,"R$20,00"
490,Sache Shampoo - 50,LIMPEZA,"R$24,00"
343,Sachê-Açúcar (100),DISPENSA,"R$6,00"
344,Sachê-Geléia(12),DISPENSA,"R$13,00"
345,Sachê-Mel(12),DISPENSA,"R$14,00"
705,Sachê-Pimenta(50),DISPENSA,"R$8,00"
630,Sachê-Sal (100),DISPENSA,"R$1,60"
461,Saco Talher,DESCARTAVEL,"R$2,00"
96,Saco de gelo,DIVERSOS,"R$15,00"
222,Saco de gelo Recepção,Não Informado,"R$15,00"
503,Saco lixo 100L -unid,LIMPEZA,"R$0,35"
504,Saco lixo 15L- pac,LIMPEZA,"R$7,00"
378,Sal mineral,ANIMAIS,"R$1,05"
762,Salsicha acebolada,XCafé da Manhã,"R$0,00"
809,Salsicha com molho,XCafé da Manhã,"R$0,00"
347,Sardinha,DISPENSA,"R$4,00"
745,Sardinha,DISPENSA,"R$4,00"
506,Silicone - 500ml,LIMPEZA,"R$10,00"
462,Sobremesa Colher,DESCARTAVEL,"R$2,15"
463,Sobremesa Garfo,DESCARTAVEL,"R$2,40"
472,Solução Cloro - A,PISCINA,"R$7,50"
473,Solução Indicador,PISCINA,"R$7,50"
474,Solução PH - V,PISCINA,"R$7,50"
475,Solução Titulante,PISCINA,"R$7,50"
776,Strogonoff Carne,xExecutivo,"R$41,90"
775,Strogonoff Frango,xExecutivo,"R$32,90"
661,Suporte Refrigerante,Utensilios Cozinha,"R$10,00"
882,TAXA DE ROLHA,XJANTAR,"R$30,00"
242,TAÇA LOGO PARA O BAR,RECEPÇÃO,"R$0,00"
109,TAÇAS ALDEIA DOS CAMARAS,DIVERSOS,"R$15,00"
592,THINNER LATÃO,PINTURA,"R$292,84"
593,TINTA EXTERNA (BRANCA) LATÃO,PINTURA,"R$198,45"
590,TINTA INTERNA (BRANCA) LATÃO,PINTURA,"R$81,84"
963,TOALHA MESA,DECORAÇÃO,"R$0,00"
974,TOALHA MESA GRANDE,DECORAÇÃO,"R$0,00"
973,TOALHA MESA RESTAURANTE CONJUNTO,DECORAÇÃO,"R$0,00"
226,TRILHA INGRESSO,1,"R$10,00"
717,Tags,EXTRAS,"R$0,00"
922,Talher Colher,Utensilios Cozinha,"R$2,00"
524,Talher Garfo,Utensilios Cozinha,"R$2,00"
732,Tapete,EQUIPAMENTO,"R$10,00"
768,Tapioca,XCafé da Manhã,"R$0,00"
1098,Tinto de verão,DRINKS,"R$22,90"
464,Tolca (10unid.),DESCARTAVEL,"R$3,00"
817,Torta Doce,XCafé da Manhã,"R$0,00"
766,Torta Frango,XCafé da Manhã,"R$0,00"
767,Torta Leite cond.,XCafé da Manhã,"R$0,00"
818,Torta Salgada,XCafé da Manhã,"R$0,00"
816,Torta de Banana,XCafé da Manhã,"R$0,00"
520,Travessa Conj,Utensilios Cozinha,"R$20,00"
1004,Travessa Inox,Utensilios Cozinha,"R$10,00"
985,Travessa de Plástico,Utensilios Cozinha,"R$20,00"
535,Travessa tampa,Utensilios Cozinha,"R$35,00"
613,Trena,GAVETEIRO,"R$10,00"
616,Trincha 1/2,GAVETEIRO,"R$5,00"
427,Trincha 2/5,GAVETEIRO,"R$35,00"
555,Trincha 3/4,GAVETEIRO,"R$5,00"
933,U.FONDUE - CUMBUCA GRANDE,BAR PRODUTOS,"R$6,00"
932,U.FONDUE - CUMBUCA PEQUENA,BAR PRODUTOS,"R$6,00"
938,U.FONDUE - FOGAREIRO BASE,BAR PRODUTOS,"R$6,00"
939,U.FONDUE - FOGAREIRO BASE REDUÇÃO,BAR PRODUTOS,"R$6,00"
936,U.FONDUE - FOGAREIRO GEL,BAR PRODUTOS,"R$6,00"
935,U.FONDUE - FOGAREIRO PRATO,BAR PRODUTOS,"R$6,00"
937,U.FONDUE - FOGAREIRO TAMPA,BAR PRODUTOS,"R$6,00"
941,U.FONDUE - MOLHEIRA,BAR PRODUTOS,"R$6,00"
931,U.FONDUE - PRATO ALMOÇO,BAR PRODUTOS,"R$6,00"
930,U.FONDUE - PRATO SOBREMESA,BAR PRODUTOS,"R$6,00"
984,U.FONDUE - TALHER COLHER,BAR PRODUTOS,"R$6,00"
940,U.FONDUE - TALHER ESPETOS,BAR PRODUTOS,"R$6,00"
982,U.FONDUE - TALHER FACA,BAR PRODUTOS,"R$6,00"
983,U.FONDUE - TALHER GARFO,BAR PRODUTOS,"R$6,00"
929,U.FONDUE - TAÇA PAULISTA,BAR PRODUTOS,"R$6,00"
928,U.FONDUE - TAÇA VINHO,BAR PRODUTOS,"R$6,00"
934,U.FONDUE - TRAVESSA,BAR PRODUTOS,"R$6,00"
709,UTENSÍLIO - CALDINHO COPO,BAR PRODUTOS,"R$7,00"
708,UTENSÍLIO - CALDINHO PRATO,BAR PRODUTOS,"R$7,00"
707,UTENSÍLIO - CUMBUCA M,BAR PRODUTOS,"R$9,00"
706,UTENSÍLIO - CUMBUCA P,BAR PRODUTOS,"R$7,00"
736,UTENSÍLIO - TRAVESSA CALABRESA,BAR PRODUTOS,"R$10,00"
1084,UTENSÍLIO - TRAVESSA ARRUMADINHO,BAR PRODUTOS,"R$23,00"
738,UTENSÍLIO - TRAVESSA ASINHA,BAR PRODUTOS,"R$20,00"
742,UTENSÍLIO - TRAVESSA BATATA,BAR PRODUTOS,"R$6,00"
739,UTENSÍLIO - TRAVESSA CARNE DE SOL,BAR PRODUTOS,"R$20,00"
740,UTENSÍLIO - TRAVESSA COSTELA/CAMARÃO,BAR PRODUTOS,"R$20,00"
1083,UTENSÍLIO - TRAVESSA CROQUETE,BAR PRODUTOS,"R$13,00"
741,UTENSÍLIO - TRAVESSA ISCA,BAR PRODUTOS,"R$10,00"
737,UTENSÍLIO - TRAVESSA PEIXE,BAR PRODUTOS,"R$20,00"
660,Utensilio Escova cozinha,Utensilios Cozinha,"R$5,00"
582,Utensilio Escova lavanderia,Utensilios Cozinha,"R$5,00"
510,VAR - Cabo,LIMPEZA,"R$1,00"
511,VAR - Ciscador,LIMPEZA,"R$50,00"
512,VAR - Ciscador plástico,LIMPEZA,"R$15,00"
683,VAR - Escova pia,LIMPEZA,"R$6,00"
682,VAR - Escova sapato,LIMPEZA,"R$5,00"
584,VAR - MOP,LIMPEZA,"R$15,00"
514,VAR - Pá,LIMPEZA,"R$1,20"
515,VAR - Rodo,LIMPEZA,"R$1,50"
516,VAR - Vassoura,LIMPEZA,"R$3,50"
681,VAR - Vassourinha,LIMPEZA,"R$10,00"
517,VAR - Vassourão,LIMPEZA,"R$3,50"
597,VERNIZ (INCOLOR) GALÃO,PINTURA,"R$89,25"
111,Vinagrete,ACOMPANHAMENTOS,"R$5,00"
826,Vitamina,XCafé da Manhã,"R$0,00"
771,XArroz 200g,PRODUTO EXECUTIVO,"R$0,00"
755,XBATATA FRITA 100g,PRODUTO EXECUTIVO,"R$4,00"
898,XBATATA FRITA 400g,PRODUTO EXECUTIVO,"R$4,00"
902,XBOLINHO DE QUEIJO,PRODUTO EXECUTIVO,"R$12,00"
779,XCARNE BIFE,PRODUTO EXECUTIVO,"R$4,00"
839,XCARNE EM CUBO,PRODUTO EXECUTIVO,"R$4,00"
905,XCOALHO,PRODUTO EXECUTIVO,"R$7,00"
900,XCOXINHA,PRODUTO EXECUTIVO,"R$12,00"
291,XCV CUSTO,Hospedagem,"R$3,00"
838,XFRANGO EM CUBO,PRODUTO EXECUTIVO,"R$4,00"
752,XFRANGO BIFE,PRODUTO EXECUTIVO,"R$4,00"
897,XMOLHO TOMATE 250g,PRODUTO EXECUTIVO,"R$4,00"
904,XMUSSARELA,PRODUTO EXECUTIVO,"R$7,00"
769,XMacarrão 200g,PRODUTO EXECUTIVO,"R$0,00"
751,XPEIXE BIFE,PRODUTO EXECUTIVO,"R$6,00"
906,XPRESUNTO,PRODUTO EXECUTIVO,"R$7,00"
772,XPurê 100g,PRODUTO EXECUTIVO,"R$0,00"
536,Xícara café,Utensilios Cozinha,"R$14,00"
374,xGordura vegetal,DISPENSA,"R$220,00"
373,xRefrigerante,DISPENSA,"R$10,00"
819,Água Quente,XCafé da Manhã,"R$0,00"
993,Óleo Pneumático,MAQUINARIO,"R$50,00"